,행정동코드,행정동명,5559세_(여),5559세_(남),5054세_(남),5054세_(여),4549세_(남),4549세_(여),4044세_(남),4044세_(여),3539세_(남),3539세_(여),3034세_(남),3034세_(여),2529세_(남),2529세_(여),2024세_(남),2024세_(여),1519세_(남),1519세_(여),1014세_(남),1014세_(여),0509세_(여),0509세_(남),초등학생 30대 부모 맞벌이지수(동별인구*맞벌이인구),초등학생 40대 부모 맞벌이지수(동별인구*맞벌이인구)
0,1117051000,후암동,757,709,722,763,745,782,601,653,737,717,731,661,783,748,540,524,422,330,310,270,266,299,3307851,4589315
1,1159053000,상도1동,1691,1439,1535,1723,1716,1678,1616,1657,1580,1713,1632,1533,2631,2201,2346,2649,977,908,792,773,839,880,9007917,10808805
2,1111070000,숭인1동,288,305,254,293,292,258,216,202,238,209,201,197,228,225,184,179,102,114,85,92,94,98,956418,1512670
3,1111061500,종로1.2.3.4가동,251,549,431,164,341,218,242,157,255,207,252,191,308,212,142,195,59,66,58,41,46,54,1129840,1443160
4,1117057000,원효로2동,547,586,569,634,633,640,530,576,569,530,499,489,501,530,385,471,292,440,230,341,267,271,2277327,3831325
5,1114065000,신당5동,448,461,509,457,431,419,405,358,456,417,437,462,458,531,320,361,170,172,131,127,174,163,2013454,2710890
6,1111051500,청운효자동,464,440,512,599,546,615,429,600,430,517,379,418,399,432,396,395,366,274,288,294,243,274,1913901,3432470
7,1117064000,이촌2동,402,314,332,358,315,332,297,301,446,381,327,371,275,289,215,225,146,135,126,121,113,133,1484491,2277280
8,1132051100,창1동,1090,948,1029,1209,1135,1228,944,955,931,978,799,823,886,863,819,854,610,596,546,523,473,505,3946730,6715990
9,1117066000,이태원2동,365,286,292,339,352,393,309,357,415,411,434,432,421,442,260,244,151,135,90,136,118,108,1915013,2439470
10,1147060000,신월5동,678,638,607,684,598,628,570,570,623,539,532,517,644,559,467,463,398,344,318,303,297,301,2580772,3957105
11,1168063000,대치4동,640,636,993,956,1066,1334,702,1016,720,963,800,901,864,1019,770,783,873,736,510,405,247,246,3971376,6242660
12,1126058000,상봉1동,1196,1135,1071,1138,917,1022,852,873,978,941,914,905,963,1050,868,800,591,535,490,449,479,560,4226805,6164875
13,1144060000,대흥동,418,510,554,509,591,543,461,465,562,538,590,561,835,851,619,891,275,277,215,166,154,166,2993231,3361305
14,1126063000,묵2동,886,802,775,772,758,780,715,690,876,722,794,742,794,853,551,590,341,335,315,286,265,328,3468202,5065955
15,1159068000,신대방2동,675,611,702,705,873,877,746,790,814,867,847,845,966,1239,602,722,439,444,439,426,421,436,4040016,5340685
16,1123061000,답십리2동,1328,1246,1235,1285,1228,1193,1059,1021,1194,1103,1135,1105,1124,1132,884,905,603,588,464,483,463,482,5049442,7392885
17,1114067000,황학동,442,461,465,441,447,466,456,474,721,662,709,779,597,790,297,446,166,154,100,122,144,177,3039135,3503635
18,1153075000,개봉2동,1376,1209,1093,1250,1234,1230,1291,1173,1386,1285,1079,1108,1054,1024,890,890,667,655,545,567,559,629,5056658,8407400
19,1165062100,방배4동,829,736,952,987,1072,1231,862,1151,830,1048,784,995,774,1020,648,815,649,745,558,677,504,496,3977928,6742470
20,1168073000,일원1동,706,653,592,675,584,566,558,525,634,546,584,558,684,678,514,455,426,328,289,231,213,212,2742372,3778365
21,1144072000,성산1동,698,629,741,786,875,968,774,858,882,915,796,904,864,999,629,705,438,383,333,367,292,318,3924630,5762710
22,1141056500,충현동,737,749,751,791,694,671,600,598,598,617,672,679,893,936,605,670,360,324,229,282,211,215,3355387,4082885
23,1162065500,신원동,669,589,618,615,661,585,623,522,771,600,1084,809,1533,1296,692,877,275,253,187,197,187,174,4915437,4139155
24,1144055500,아현동,984,938,874,969,946,947,1070,1034,1438,1403,981,1349,767,1001,604,716,369,412,393,428,651,532,4830667,7429295
25,1130561500,수유1동,977,935,857,955,900,787,759,635,789,654,749,636,912,855,657,698,405,390,316,291,314,295,3454566,4915350
26,1150055000,화곡2동,783,653,699,753,845,842,772,761,867,815,731,663,753,751,559,538,414,414,354,354,357,402,3353601,5365510
27,1123056000,전농1동,1231,1306,1255,1183,1238,1184,1088,957,1229,1119,1085,1031,1316,1182,1069,1107,572,607,453,414,484,490,5264170,7377990
28,1171053200,거여2동,718,656,746,755,728,788,572,599,675,591,507,495,509,479,452,435,458,365,318,299,286,305,2362117,4359270
29,1174055000,고덕1동,887,837,960,866,1376,1215,1366,1492,1139,1280,650,804,687,555,702,584,795,613,1181,854,962,1098,3745221,8625860
30,1121571000,화양동,461,525,585,526,638,505,574,489,848,771,1422,1265,2489,2718,1457,2619,238,316,121,125,124,116,7418227,3998480
31,1153053000,구로2동,1187,1259,1217,1142,1130,1055,828,655,818,645,791,692,967,913,716,681,451,388,320,302,285,292,3630497,5554180
32,1121581000,광장동,1090,1196,1536,1518,2104,2198,1530,2030,1024,1410,732,878,931,971,1113,1120,1277,1289,1592,1447,1182,1250,4421885,11224210
33,1150060300,가양1동,1137,1001,1022,1096,1172,1087,1188,1096,1785,1644,2348,2285,1978,3643,861,1794,536,621,460,384,465,488,9261848,8533180
34,1171051000,풍납1동,719,611,582,614,564,545,489,471,545,507,546,493,524,430,423,417,283,247,220,218,147,197,2342104,3392750
35,1168052100,논현1동,681,665,711,742,905,884,983,1080,1317,1472,1446,1713,1504,1725,629,884,258,295,194,190,174,180,6907094,7056920
36,1147053000,목3동,1026,868,850,1012,792,939,788,783,1013,985,1013,1072,993,1156,803,697,530,422,324,287,306,341,4572195,5830565
37,1117069000,서빙고동,505,493,616,605,705,749,503,578,393,436,335,372,432,438,490,461,434,427,342,327,257,254,1805382,3679065
38,1114052000,소공동,62,68,89,91,106,92,133,128,108,118,102,104,52,80,32,47,15,44,20,37,63,55,395156,762955
39,1156060500,문래동,954,1006,1080,1063,1466,1309,1499,1550,1630,1674,1285,1441,969,1190,817,774,696,659,818,756,846,906,5801295,9910140
40,1141071000,북가좌1동,770,699,749,794,914,844,756,827,661,734,542,597,559,592,493,549,464,474,580,473,375,431,2711987,5110640
41,1117063000,이촌1동,1037,947,1213,1297,1238,1489,1040,1293,995,1242,708,889,739,778,755,760,745,701,759,778,810,854,3931451,7972135
42,1111069000,창신3동,332,324,312,337,271,292,210,214,249,235,225,281,273,254,243,203,152,146,119,139,90,101,1158729,1597075
43,1159066000,대방동,1326,1324,1636,1580,1835,1942,1433,1625,1341,1392,1388,1449,1712,1964,1353,1524,1172,1177,924,1029,774,760,6867826,10494355
44,1171067000,잠실2동,883,932,1616,1303,2288,2244,1926,2427,1169,1819,603,855,656,720,894,1065,1278,1350,1714,1619,1494,1470,4211938,12852730
45,1153074000,개봉1동,1457,1434,1318,1334,1337,1195,1177,1088,1203,1115,1104,995,1176,1073,1023,942,699,681,517,518,567,531,5012436,7717265
46,1130560300,번2동,772,734,688,713,725,719,580,528,584,476,477,376,600,550,535,498,357,313,258,228,206,226,2260866,3990205
47,1123054500,제기동,982,981,1043,872,949,803,789,645,942,742,948,726,1324,940,1008,1004,433,417,308,288,278,295,4496084,5261245
48,1132069000,방학1동,1420,1391,1399,1341,1158,1265,996,955,942,922,833,771,1091,1002,999,933,651,622,528,507,490,497,4215409,6881490
49,1171061000,삼전동,1304,1046,1125,1216,1254,1385,1254,1348,1629,1661,1738,1777,1533,1934,935,981,610,566,503,447,464,464,7475019,9294480
50,1126057500,면목3.8동,1223,1180,1145,1201,1058,990,899,731,1025,882,954,888,1098,1076,855,790,500,461,343,309,316,317,4415886,6032475
51,1165059000,방배본동,755,746,978,974,1014,1213,754,1037,593,758,493,628,631,707,651,714,726,798,597,716,532,496,2836871,5953035
52,1174070000,둔촌2동,1257,1106,1075,1151,1016,1084,992,934,1036,1034,1007,978,1072,1065,897,894,687,655,528,464,475,582,4654286,6696130
53,1168072000,일원본동,862,760,1021,1054,1191,1315,959,1180,803,1061,627,644,617,601,766,669,910,690,1030,785,686,859,3245863,7045335
54,1129070500,종암동,1550,1502,1698,1635,1756,1820,1481,1516,1422,1499,1224,1204,1686,1316,1403,1428,1074,946,964,824,788,878,6536688,10325545
55,1171065000,잠실본동,1076,967,1010,1147,1093,1209,1072,1119,1409,1511,1626,1694,1472,1853,851,1018,530,576,401,373,324,328,7044934,7958895
56,1126066000,망우3동,813,898,872,842,726,747,539,500,642,530,585,486,662,624,550,548,356,391,241,268,241,235,2622964,4018340
57,1156054000,여의동,1327,1192,1271,1323,1352,1428,1260,1489,1374,1602,1087,1354,1050,1202,797,908,687,693,768,762,853,865,5594772,9186905
58,1168059000,삼성2동,807,820,1235,1194,1557,1747,1428,1777,1126,1666,1048,1325,1021,1210,868,834,937,738,973,844,687,845,5542961,10059090
59,1121575000,중곡2동,977,904,821,928,803,859,716,704,957,969,1022,1083,1125,1362,660,792,388,371,344,343,331,380,4794471,5355580
60,1162076500,미성동,1350,1263,1191,1320,1351,1275,1148,1096,1194,1056,1122,1074,1437,1424,1015,1066,637,694,571,543,556,527,5480643,7800015
61,1117065000,이태원1동,328,288,237,265,213,252,233,221,280,255,315,261,354,304,170,188,93,79,60,69,66,64,1378644,1631830
62,1141052000,천연동,741,748,759,786,814,833,633,665,654,719,578,556,606,609,526,551,397,426,360,375,339,338,2770692,4609175
63,1150059100,화곡6동,1141,985,935,1020,964,959,928,886,1074,954,1071,1066,1260,1334,785,832,539,425,427,341,330,348,5034114,6366785
64,1153051000,신도림동,1238,1258,1285,1378,1607,1616,1609,1719,1738,1825,1280,1508,1120,1163,1038,1095,878,832,961,878,1055,955,6254402,11058710
65,1159054000,상도2동,1087,950,1053,1087,1121,1120,1117,1096,1258,1279,1113,1235,1219,1309,880,1017,521,525,502,436,579,626,5477603,7598105
66,1135062400,중계4동,857,807,1008,974,1003,1155,700,788,576,600,467,406,613,558,768,708,801,616,565,451,388,377,2419757,5327445
67,1111057000,무악동,344,331,399,322,439,452,310,376,256,307,188,230,211,250,217,271,256,285,225,261,246,193,1040855,2307070
68,1168070000,세곡동,1553,1371,1572,1559,1849,1823,1990,2084,1898,2194,1445,1674,1466,1642,1157,1201,1000,1053,1233,1257,1538,1582,7494832,12900725
69,1162064500,서원동,789,696,680,725,753,695,797,609,1126,813,1572,1177,2383,1926,923,1282,292,277,201,153,173,179,7342013,5340685
70,1129058000,돈암1동,698,655,700,738,620,728,455,481,502,512,501,520,517,564,483,568,419,464,259,289,244,211,2318117,3584730
71,1132068000,쌍문3동,803,652,657,745,704,637,593,555,643,599,612,571,707,733,539,594,315,295,227,209,245,231,2870113,4018340
72,1138063200,신사2동,931,862,860,923,929,897,747,735,838,754,707,627,853,799,712,641,573,423,418,367,309,362,3403667,5324135
73,1135071000,상계9동,890,758,943,1041,910,1135,750,868,784,810,674,642,652,657,790,651,674,603,515,462,424,446,3107264,5853735
74,1150054000,화곡1동,2073,1887,1709,1971,1911,1859,2108,1840,2804,2356,2997,2758,2787,3126,1424,1841,745,774,580,562,638,672,12350379,14251205
75,1171056100,방이1동,698,634,653,761,702,803,524,672,564,621,558,614,699,642,571,577,513,472,375,366,329,333,2867367,4241765
76,1144066000,서교동,729,714,798,867,904,986,918,948,1042,1254,1312,1544,1545,1884,906,1298,360,415,275,247,209,246,6477915,6444570
77,1114068000,중림동,472,541,510,482,489,501,563,489,661,593,480,601,408,444,333,323,219,206,180,170,210,247,2272236,3664170
78,1150056000,화곡3동,949,850,782,883,799,888,783,816,847,860,824,818,870,1007,665,725,452,475,377,357,335,408,3826758,5517770
79,1117068500,한남동,886,796,785,810,817,910,841,812,1069,1074,940,995,853,945,543,472,319,300,267,265,272,317,4282301,6010960
80,1171054000,마천1동,880,935,1027,839,903,841,693,616,673,575,586,470,693,598,607,599,462,445,404,382,333,349,2702889,4672065
81,1168061000,대치2동,1373,1488,2046,1824,2080,2569,1143,1750,750,995,849,850,1238,1057,1518,1304,2139,1485,1726,1186,650,811,4618966,10280860
82,1126052000,면목2동,1255,1292,1276,1197,1088,1018,959,809,963,829,907,791,928,984,802,756,448,477,388,376,359,376,3946598,6204595
83,1162069500,신림동,413,430,508,375,655,480,758,561,1216,922,1977,1517,3061,2637,960,1663,157,187,99,81,82,91,9278819,4989825
84,1138057000,대조동,1067,1011,1024,1111,1053,1191,1022,977,1037,1040,1101,1101,1272,1506,823,1104,483,537,359,411,337,361,5198028,6995685
85,1147062000,신정1동,739,828,995,976,1085,1153,884,1046,573,787,381,425,559,564,722,684,746,759,831,760,601,687,2444867,6050680
86,1114061500,신당동,321,362,364,321,335,271,259,238,319,277,337,338,381,420,213,276,109,75,48,70,77,47,1538763,1798985
87,1144061000,염리동,420,394,499,479,617,547,500,514,516,564,424,439,518,466,378,448,276,286,278,288,273,258,2218648,3437435
88,1150064100,방화3동,1043,952,850,919,941,892,873,881,1077,951,856,892,803,812,590,511,418,374,411,391,382,388,3903811,6161565
89,1135062500,중계2.3동,1444,1314,1402,1564,1641,1776,1327,1346,1183,1266,1010,1013,1058,1041,1242,1103,911,1059,712,672,631,660,4888696,9320960
90,1154570000,시흥4동,1076,1000,940,994,856,845,669,687,719,635,702,615,823,729,646,607,414,439,388,346,325,345,3224273,4832600
91,1162077500,난곡동,1374,1258,1168,1208,1203,1105,960,861,1088,844,1029,854,1253,1135,913,867,612,533,473,378,405,372,4675273,6643170
92,1162062500,인헌동,885,863,881,930,958,985,941,879,1180,1029,1527,1368,1846,1906,903,1186,499,489,374,329,334,357,6798626,6595175
93,1171062000,가락본동,1268,1234,1126,1218,1011,1139,946,873,1205,1127,1276,1289,1203,1259,956,945,600,558,413,392,394,416,5513133,6889765
94,1144068000,합정동,654,575,557,617,625,670,681,720,867,905,944,1102,1025,1272,585,721,259,307,214,233,230,216,4511629,4862390
95,1120058000,응봉동,582,552,639,677,816,825,612,758,646,657,455,527,431,437,457,455,361,446,480,444,340,358,2276911,4701855
96,1168058000,삼성1동,579,569,597,671,583,683,499,630,511,607,516,553,566,555,612,419,477,333,345,274,221,280,2535634,3844565
97,1162063000,남현동,707,598,610,708,574,585,643,582,837,788,1178,1008,1188,1354,574,820,222,275,177,189,259,279,4803336,4380785
98,1120059000,금호1가동,611,528,619,638,643,653,680,627,803,816,520,706,493,493,443,429,314,292,263,243,332,308,2763983,4572765
99,1144074000,상암동,914,987,1326,1248,1766,1732,1303,1568,1082,1252,806,980,1057,1239,911,1143,1003,990,1170,1125,835,900,4647587,9408675
100,1132052200,도봉2동,1251,1205,1037,1132,1036,1015,961,889,1068,999,872,851,917,959,821,777,507,463,428,395,442,427,4114423,6509115
101,1174061000,천호2동,1550,1584,1458,1402,1368,1262,1277,1187,1619,1478,1622,1540,1453,1707,928,925,591,516,431,408,424,447,6831275,8845975
102,1129061000,보문동,632,575,657,729,682,685,586,551,709,659,697,682,815,788,564,658,301,305,199,218,237,249,3293077,4188805
103,1150064000,방화2동,1042,945,895,843,933,822,816,717,909,776,972,860,989,1082,657,695,445,392,382,324,323,335,4124827,5401920
104,1168054500,압구정동,913,864,1087,1136,1249,1413,1035,1307,853,1177,673,872,753,881,782,846,690,729,691,751,704,695,3843003,7626240
105,1168067000,개포2동,938,912,979,1053,935,1143,760,905,717,811,678,704,727,717,800,756,733,759,559,576,473,463,3295307,5833875
106,1130557500,삼각산동,1134,1055,1418,1376,1791,1863,1454,1616,1163,1283,706,841,758,761,952,999,1043,1015,1038,988,956,1046,3954310,10088880
107,1132052100,도봉1동,1028,1009,923,915,924,808,720,591,721,561,617,521,800,686,654,568,404,338,285,247,266,259,2944846,4700200
108,1156053500,영등포동,668,1187,1072,681,1079,695,1012,715,1480,1157,2169,1703,2122,2380,622,1077,276,247,223,164,255,245,8309576,6457810
109,1120061500,금호2.3가동,994,872,893,975,965,998,919,932,1118,1152,930,1083,816,851,706,653,445,462,344,318,365,379,4369890,6565385
110,1154571000,시흥5동,887,957,906,896,888,841,625,602,675,548,608,529,750,624,637,574,435,463,301,285,263,282,2848740,4539665
111,1141058500,신촌동,430,491,500,569,515,522,470,491,586,647,974,979,1794,2054,950,2173,241,356,180,191,154,163,5449470,3424195
112,1123071000,회기동,310,286,313,305,350,329,321,346,328,321,441,369,812,694,634,921,182,256,146,157,146,158,2422834,2191220
113,1129068500,길음2동,662,639,717,708,749,843,657,749,702,736,561,588,545,576,499,548,417,370,338,297,366,414,2700265,4883905
114,1159056000,상도4동,1180,1104,1047,1175,1130,1189,1134,1022,1289,1136,1290,1269,1333,1398,891,982,594,510,474,412,490,477,5731145,7669270
115,1130562500,수유2동,1019,912,885,1016,893,892,712,693,729,603,639,582,803,779,660,823,438,438,345,268,298,336,3069061,5008030
116,1117053000,남영동,243,659,576,238,451,227,310,171,262,211,288,276,291,287,161,218,82,86,61,40,56,57,1220955,1605350
117,1111056000,평창동,879,771,721,950,727,879,512,688,551,665,504,537,670,621,623,603,494,454,366,346,342,359,2736374,4352650
118,1129077000,장위2동,607,660,631,636,605,571,476,364,453,382,430,402,520,502,444,447,286,283,197,190,176,156,2018756,3084920
119,1162074500,삼성동,1187,1138,1094,1053,1102,970,818,695,826,677,783,579,913,755,746,671,524,474,360,324,280,293,3456221,5476395
120,1114059000,광희동,214,273,225,164,189,143,153,136,190,160,228,182,225,219,139,162,56,59,55,40,40,35,916155,1029410
121,1156062000,양평2동,727,746,849,751,878,888,862,822,1238,1081,1369,1358,1003,1211,653,765,503,451,373,341,378,399,5292797,6305550
122,1168069000,개포4동,733,731,763,843,749,851,680,702,721,697,711,717,723,716,625,590,464,441,383,357,314,319,3223815,4888870
123,1129076000,장위1동,1022,922,961,1015,786,891,645,626,653,579,677,526,826,712,729,759,492,460,355,332,304,273,3067058,4658825
124,1168065000,역삼2동,788,905,1679,1394,2331,2423,1684,2201,1298,1681,1030,1421,1142,1466,923,1229,1282,1441,1337,1453,989,991,5831938,12587930
125,1147056000,신월1동,1045,1082,1019,883,873,864,809,686,795,656,732,607,786,695,661,567,382,404,318,293,294,311,3204060,5219870
126,1153078000,오류2동,1473,1331,1393,1517,1778,1668,1670,1719,1500,1569,1136,1193,1200,1395,1091,1034,933,901,1053,1026,1171,1257,5704692,10851835
127,1156056000,당산2동,1189,1151,1036,1227,1201,1234,1271,1305,1717,1784,2034,2267,1956,2820,1000,1428,546,590,586,527,675,675,9042270,9147185
128,1129062000,정릉1동,706,671,768,750,873,921,756,783,766,794,564,630,596,554,587,609,486,521,430,407,395,444,2882932,5339030
129,1129060000,안암동,516,498,543,573,511,496,394,376,505,407,678,511,1474,987,1165,1377,360,322,161,131,133,132,3962054,2931005
130,1168064000,역삼1동,1000,993,1230,1042,1450,1352,1580,1615,2334,2307,2676,2859,2444,2941,865,1402,410,460,288,288,257,272,11526088,11388055
131,1150060500,가양3동,723,588,505,562,511,457,553,488,775,678,852,902,563,663,367,344,199,211,132,117,127,137,3251893,3761815
132,1144058500,도화동,941,857,840,888,859,956,755,777,916,944,871,993,844,919,638,671,462,433,429,357,374,414,4075652,5633620
133,1126068000,신내1동,1794,1681,1494,1749,1561,1528,1536,1515,1480,1606,1186,1140,1359,1349,1231,1182,961,895,1046,965,1103,1144,6000273,10027645
134,1129057500,동선동,476,427,492,497,534,592,468,500,523,567,664,787,923,1342,526,1599,282,386,172,196,172,160,3452737,3447365
135,1159051000,노량진1동,1293,1169,1129,1157,1174,1114,1115,1007,1326,1208,1583,1305,1875,1521,1066,1160,585,529,469,462,521,556,7010709,7550110
136,1123053600,용신동,1144,1348,1209,1060,1235,1023,1085,913,1287,1151,1464,1352,1823,1781,1065,1258,481,388,308,314,329,357,6801583,7129740
137,1121584000,자양3동,1202,1121,1137,1238,1180,1291,1048,1160,1115,1247,975,1075,1042,1092,942,959,697,705,635,638,692,672,4869848,7636170
138,1121583000,자양2동,1158,1062,983,1144,1051,1091,1044,1013,1028,1046,999,1056,1111,1076,836,885,612,497,435,438,465,498,4797059,6911280
139,1150061100,발산1동,1407,1221,1549,1579,1920,2069,1630,1835,1322,1490,853,939,1095,1150,1231,1290,1226,1439,1234,1217,1165,1232,4943253,11346680
140,1153079000,수궁동,1089,953,953,1003,1019,1027,925,942,955,848,812,770,840,830,780,691,631,517,515,408,426,447,3708420,6370095
141,1135072000,상계10동,715,617,690,897,635,831,525,605,621,658,606,640,575,650,579,610,429,425,290,299,247,286,2768041,4273210
142,1147065000,신정4동,1445,1319,1317,1426,1390,1481,1276,1192,1487,1366,1335,1193,1480,1553,1118,1195,727,680,499,478,476,536,6164276,8996580
143,1165054000,잠원동,1238,1135,1564,1583,1702,1904,1298,1670,1263,1505,1091,1275,1097,1285,1076,1133,1031,974,999,981,739,827,5508469,10153425
144,1114055000,명동,162,100,110,142,108,137,82,117,98,104,97,98,114,108,49,80,31,63,32,32,25,35,473916,718270
145,1132051500,창5동,1207,1058,1018,1232,948,1116,772,836,983,915,896,840,962,1028,859,884,591,605,462,415,450,429,4121164,6135085
146,1162052500,보라매동,988,843,801,855,902,912,865,811,1045,893,1222,1031,1484,1444,767,1002,442,414,358,318,332,340,5457304,6012615
147,1165058000,반포3동,670,664,936,893,1136,1279,833,1108,630,849,468,608,515,550,638,604,682,703,723,694,528,606,2688775,6371750
148,1171056200,방이2동,1030,845,878,958,874,957,928,923,1372,1291,1477,1702,1434,1928,745,934,435,365,276,265,243,312,6637650,6917900
149,1111053000,사직동,416,346,355,429,371,435,289,403,301,404,317,383,339,388,232,274,152,195,160,183,187,174,1614261,2363340
150,1154568000,시흥2동,1007,920,915,1017,939,978,806,849,701,762,577,552,662,602,682,626,551,564,535,550,526,480,2899624,5517770
151,1120055000,사근동,293,317,320,360,300,323,292,223,362,327,533,412,1336,800,1114,1175,274,370,105,128,105,105,3424568,1986000
152,1141069000,남가좌1동,529,521,555,573,757,682,872,777,756,917,412,528,432,456,366,372,279,349,404,413,699,666,2486538,5108985
153,1165061000,방배2동,885,751,715,898,782,895,694,761,745,812,757,901,810,878,611,661,475,440,398,368,315,338,3696930,5122225
154,1156071000,대림2동,594,570,533,542,487,481,385,380,431,353,477,432,618,586,344,361,194,178,125,136,120,137,2226738,2775435
155,1154562000,독산2동,965,1027,966,966,765,795,594,547,682,608,685,568,840,756,656,561,380,348,304,255,267,259,3165594,4332790
156,1138053000,불광2동,1381,1177,1158,1315,1180,1149,948,853,1051,939,1083,921,1218,1254,971,898,601,579,398,366,330,326,4823412,6621655
157,1165056000,반포1동,932,903,1205,1046,1778,1539,1600,1762,1405,1777,1220,1391,1187,1393,779,973,773,799,1027,936,1003,1001,6150637,10436430
158,1138052000,불광1동,1824,1607,1561,1816,1606,1706,1421,1500,1453,1476,1277,1393,1528,1510,1173,1262,796,786,664,555,651,720,6484124,10062400
159,1147055000,목5동,1455,1430,2056,1787,2566,2756,1663,2407,996,1469,816,887,1080,1040,1369,1177,1958,1703,2201,1804,1207,1379,4813488,12945410
160,1174068500,길동,2138,1824,1786,1920,1809,1758,1713,1590,1943,1845,1946,1871,2037,2160,1347,1508,969,838,688,669,670,752,8772783,11591620
161,1159052000,노량진2동,600,604,535,523,479,389,401,320,480,364,613,403,808,644,377,387,199,197,119,101,87,109,2653760,2631450
162,1171052000,풍납2동,982,870,949,980,1010,1083,973,1034,1090,1200,983,1112,963,1262,722,934,575,550,492,520,499,590,4737195,6917900
163,1123060000,답십리1동,1097,1057,1063,1122,1161,1138,1267,1132,1462,1529,1130,1328,1088,1181,805,962,548,516,480,474,692,692,5604238,8273345
164,1135064000,상계2동,960,969,1000,1055,905,995,663,663,635,579,609,576,855,821,821,848,638,565,387,390,296,312,3097881,4892180
165,1132068100,쌍문4동,976,780,815,940,805,979,608,712,631,698,543,558,671,649,683,623,594,550,450,499,376,433,2826751,4849150
166,1120062000,금호4가동,543,505,553,558,651,648,650,674,776,808,563,682,450,456,340,318,233,226,275,244,336,340,2703312,4547940
167,1147068000,신정7동,1307,1297,1344,1370,1476,1563,1078,1194,860,999,729,767,931,858,1071,926,952,900,891,783,627,645,3921035,7770225
168,1135061200,하계2동,985,924,1012,1070,1125,1229,807,1009,656,727,592,642,750,769,880,825,787,713,695,700,514,496,3112044,6125155
169,1174060000,천호1동,1316,1215,1058,1152,1149,1069,1016,918,1126,1038,1052,945,1120,1110,820,852,573,546,416,353,383,403,4748990,6833495
170,1120056000,행당1동,591,585,566,637,554,601,535,542,589,619,594,612,666,679,481,515,294,311,224,232,275,268,2843280,3751885
171,1147059000,신월4동,758,696,719,746,753,756,811,751,785,784,489,551,545,554,585,503,459,403,438,391,452,485,2642071,5135465
172,1111065000,혜화동,589,521,584,617,611,668,493,522,480,469,642,538,1196,896,1043,1353,401,415,312,264,241,224,3552526,3579765
173,1171055000,마천2동,971,1079,898,911,853,784,649,583,680,571,619,497,722,594,628,561,462,391,315,312,275,286,2804308,4461880
174,1132066000,쌍문1동,983,876,918,954,928,929,772,706,724,697,629,610,805,806,684,838,499,512,334,374,345,371,3179219,5181805
175,1135066500,상계3.4동,1224,1251,1210,1207,1168,1171,922,846,868,789,727,661,873,756,894,759,718,582,481,417,432,462,3521673,6300585
176,1165051000,서초1동,710,648,790,797,954,993,890,1003,883,1059,817,981,784,861,611,587,512,464,495,490,464,476,4023098,6237695
177,1144063000,신수동,821,832,965,923,1018,1177,824,959,992,1033,859,954,961,861,870,871,576,503,490,401,414,433,4305539,6540560
178,1159064000,사당3동,1004,911,863,951,969,911,1047,998,1078,1153,936,1017,948,1067,671,771,460,405,450,365,586,613,4532064,6676270
179,1150052000,등촌1동,787,746,739,787,832,870,829,795,1294,1161,1456,1737,1238,1921,626,798,486,392,322,225,296,301,6202606,6269140
180,1138065000,수색동,413,414,383,383,332,331,255,223,335,299,285,244,327,333,295,229,192,145,112,108,104,120,1331097,1893320
181,1159055000,상도3동,1021,917,936,1044,1019,1024,871,900,1104,939,1158,1113,1203,1362,752,944,517,519,368,345,297,390,5053305,6452845
182,1126062000,묵1동,1480,1366,1347,1448,1549,1613,1421,1400,1368,1368,1215,1216,1301,1391,1091,1173,857,851,776,736,702,774,5777401,9602310
183,1123075000,이문2동,822,777,927,891,882,932,750,739,728,703,583,562,720,748,657,756,501,513,468,433,370,412,2954592,5211595
184,1123057000,전농2동,838,769,853,870,799,890,696,731,657,668,520,515,653,582,572,607,480,487,404,428,380,381,2705377,4921970
185,1154567000,시흥1동,1566,1545,1432,1486,1374,1371,1245,1138,1326,1135,1287,1115,1484,1415,1052,1013,715,626,568,477,532,539,5830318,8407400
186,1159067000,신대방1동,897,878,982,935,1123,1195,861,980,778,838,742,716,887,887,722,839,675,683,605,640,478,503,3658369,6312170
187,1135070000,상계8동,734,628,817,876,935,1014,1043,1014,1309,1303,1127,1160,686,803,623,614,600,568,509,519,566,640,4560190,7248900
188,1165055000,반포본동,397,417,657,612,669,842,308,538,212,285,195,226,314,319,430,446,559,529,408,425,194,218,1193194,3144500
189,1168065600,도곡2동,1165,1192,1568,1554,1717,1969,1254,1700,872,1326,680,935,836,1010,1021,1206,1077,1392,1030,1305,952,1008,4189294,9590725
190,1117058000,효창동,367,362,381,459,407,466,352,372,472,488,443,453,441,499,302,358,238,214,178,175,178,205,2050191,2750610
191,1174065000,성내2동,1078,1015,909,903,931,881,927,809,1101,973,1168,1118,1190,1393,626,786,333,366,270,279,246,314,5078536,6153290
192,1121585000,구의1동,828,755,821,874,817,870,815,742,982,959,1206,1211,1392,1601,798,1019,384,372,235,256,222,236,5524464,5641895
193,1111071000,숭인2동,391,487,452,368,416,317,304,248,356,297,457,392,519,661,255,422,118,120,73,72,67,85,1952229,2027375
194,1138056000,구산동,1412,1452,1442,1414,1479,1539,1169,1103,1233,1131,947,948,1168,1153,1071,1099,784,868,602,662,575,557,4819844,8347820
195,1171056600,오륜동,740,705,835,852,918,997,659,917,404,622,356,458,553,503,648,557,809,596,754,699,466,541,2285159,4926935
196,1135061900,중계본동,957,1049,1349,1264,1508,1711,825,1222,513,643,424,411,752,674,1027,926,1203,1237,1082,1039,571,667,2654572,7068505
197,1144065500,서강동,927,852,918,989,1016,1131,966,1022,1089,1145,894,1131,1290,1241,954,1230,489,476,404,415,487,549,5159130,6964240
198,1174064000,성내1동,807,753,676,802,858,880,808,865,878,958,740,783,731,773,607,604,507,459,410,396,414,442,3576679,5678305
199,1111068000,창신2동,451,496,483,437,365,365,253,189,253,166,296,203,344,285,302,270,173,166,100,92,62,77,1203730,1754300
200,1121576000,중곡3동,770,772,739,732,641,684,584,538,713,585,738,720,809,780,563,540,303,306,232,208,216,219,3287917,4168945
201,1138051000,녹번동,1614,1428,1470,1537,1504,1568,1436,1342,1716,1589,1419,1516,1352,1536,1053,1130,714,696,536,532,666,676,6553456,10032610
202,1147057000,신월2동,940,838,815,830,864,853,849,835,919,813,692,695,718,700,678,586,482,453,428,460,433,416,3287090,5719680
203,1171059000,송파2동,927,855,775,867,741,857,759,787,808,865,676,764,743,839,669,728,554,524,433,441,456,482,3428635,5314205
204,1171053100,거여1동,600,606,590,558,579,609,448,427,438,394,474,399,521,422,457,423,332,298,245,209,200,215,2070973,3180910
205,1114063500,약수동,773,730,649,759,636,684,638,587,640,733,534,594,599,559,454,467,280,264,248,242,323,310,2766739,4218595
206,1174058000,암사2동,633,576,516,565,602,624,620,604,818,744,636,735,559,593,438,450,269,289,242,258,322,341,2942855,4412230
207,1162060500,은천동,1296,1180,1222,1298,1451,1297,1348,1280,1428,1376,1454,1358,1683,1747,1002,1130,655,632,687,677,626,701,6780717,8859215
208,1147054000,목4동,1044,1043,1371,1406,1277,1582,795,1055,768,781,716,701,1018,919,1201,1054,1122,893,765,734,487,482,3781682,6951000
209,1120066000,성수1가2동,537,517,603,500,551,590,525,520,565,605,679,717,648,662,462,458,271,264,212,225,192,221,2981394,3641000
210,1123065000,장안1동,1611,1476,1553,1483,1717,1538,1656,1524,1748,1659,1569,1449,1499,1534,1025,1203,724,680,650,611,699,666,6942703,10701230
211,1150062000,공항동,1036,976,961,889,1078,937,1211,984,1510,1365,1218,1111,1164,1167,772,798,491,423,406,412,642,697,5450496,7682510
212,1153054000,구로3동,739,751,820,722,1092,882,1152,936,1324,1099,1462,1217,1402,1387,604,781,381,363,364,366,365,410,5924522,7106570
213,1114060500,을지로동,66,139,106,41,73,30,54,39,68,43,102,72,72,71,24,41,6,13,8,9,13,14,326178,316105
214,1130560800,번3동,788,673,668,693,788,758,626,609,545,514,413,380,486,510,551,493,424,386,305,323,280,313,2051208,4200390
215,1162056500,성현동,1177,1070,1285,1297,1416,1434,1154,1202,1093,1117,916,908,966,1014,988,976,866,724,741,698,604,674,4404444,8081365
216,1174057000,암사1동,1565,1512,1505,1538,1494,1474,1407,1320,1579,1410,1324,1235,1374,1362,1160,1035,804,748,630,584,609,630,6060396,9565900
217,1168074000,일원2동,655,602,684,703,792,839,731,798,699,775,562,615,491,470,582,460,607,374,514,361,319,384,2674813,5075885
218,1174062000,천호3동,1153,1180,1084,1011,1042,968,985,866,1222,1134,1168,1230,1138,1420,717,839,418,411,278,272,310,337,5252918,6687855
219,1147067000,신정6동,936,980,1191,1264,1250,1423,910,1189,720,956,559,662,753,698,920,876,963,922,964,861,680,718,3323073,7020510
220,1123070500,청량리동,988,1020,877,848,803,745,636,550,670,609,656,525,752,605,568,556,355,345,284,235,258,270,2952220,4304655
221,1111063000,종로5.6가동,212,288,273,215,208,164,162,103,172,112,239,173,374,295,189,244,84,76,39,43,31,33,1118866,994655
222,1171064200,문정2동,908,859,882,901,931,1049,1156,1187,1688,1915,1901,2297,1368,2286,738,980,452,444,320,310,434,448,8095842,8407400
223,1123073000,휘경2동,881,824,893,949,997,987,805,822,780,754,845,673,1422,1057,1347,1382,580,649,451,492,360,391,4520898,5617070
224,1130564500,우이동,974,856,875,928,829,832,716,683,749,638,674,600,679,692,611,721,395,360,367,319,297,348,2947793,4931900
225,1150053000,등촌2동,984,873,805,909,800,871,734,728,928,900,901,893,997,1007,700,633,570,447,367,309,374,391,4220111,5396955
226,1129055500,삼선동,892,854,1006,968,1084,1099,812,866,839,835,834,926,1096,1228,854,1157,582,580,457,410,368,371,4289510,5984480
227,1154551000,가산동,676,900,816,562,840,546,828,474,1278,738,1839,1168,2053,1902,665,986,220,211,156,150,173,148,6970445,5173530
228,1120054000,마장동,960,975,903,978,889,898,684,684,822,739,873,839,1279,1159,927,1076,490,510,398,351,329,331,4454999,5110640
229,1144070000,망원2동,661,628,758,743,862,893,764,794,789,826,680,764,755,870,575,628,442,474,366,381,342,372,3415105,5362200
230,1171064700,위례동,753,720,883,898,1315,1178,1573,1577,1472,1672,862,1111,630,740,726,629,700,752,1039,1052,1255,1290,4519980,9599000
231,1171057000,오금동,1883,1660,1708,1920,1515,1802,1299,1439,1512,1548,1427,1491,1526,1441,1488,1357,1014,969,755,674,705,786,6786094,10016060
232,1117055500,청파동,773,751,790,794,805,758,621,635,740,668,937,808,1065,1258,619,1201,394,353,259,225,208,201,4064577,4557870
233,1121578000,능동,402,324,346,412,395,394,441,403,544,628,694,826,657,956,316,472,175,153,123,110,131,150,3136527,2949210
234,1168056500,청담동,1004,885,1028,1157,1128,1305,1131,1301,1116,1430,863,1201,988,1195,814,936,666,581,547,524,597,734,4968416,8031715
235,1117059000,용문동,485,478,504,522,505,517,415,438,534,517,484,521,482,549,398,428,257,235,196,181,199,208,2249698,3151120
236,1129072500,월곡2동,794,739,805,734,840,772,662,667,733,701,723,670,941,916,613,1102,399,465,382,320,319,356,3555031,4690270
237,1162058500,낙성대동,389,405,460,424,533,478,553,477,746,627,1208,931,1821,1725,814,1112,256,269,170,210,203,224,5652519,3730370
238,1121577000,중곡4동,1372,1311,1328,1445,1155,1213,1046,930,1121,1164,1151,1156,1275,1222,1027,1026,668,580,448,369,405,416,5421459,7133050
239,1130553500,미아동,1024,964,906,989,919,865,722,673,759,681,797,696,979,1051,678,1067,416,407,314,265,238,279,3694241,4996445
240,1135061100,하계1동,1281,1113,1280,1340,1226,1523,736,930,673,699,745,676,1111,934,1505,1320,1186,891,709,598,339,380,3861185,6391610
241,1165052000,서초2동,580,536,683,663,831,864,752,871,887,1029,880,1046,743,916,470,595,447,392,430,399,404,414,4048735,5583970
242,1141068500,홍은2동,1201,1031,1173,1226,1165,1212,878,893,952,861,930,848,1143,1051,1002,1011,678,648,477,475,396,406,4409271,6512425
243,1135067000,상계5동,1131,1099,1127,1207,1106,1196,771,760,776,648,668,627,956,806,876,826,670,618,427,442,346,356,3435802,5797465
244,1141055500,북아현동,677,694,709,737,652,746,721,648,821,784,647,752,642,696,473,643,302,324,255,262,351,383,3145092,4859080
245,1114062500,다산동,643,542,605,575,586,597,486,463,563,555,640,534,693,694,487,549,297,228,188,176,145,173,2796381,3490395
246,1147064000,신정3동,1870,1763,2084,2172,2213,2362,1786,1928,1589,1684,1319,1367,1482,1452,1647,1476,1497,1381,1308,1215,1079,1135,6621690,12685575
247,1153072000,고척1동,1003,982,970,1042,1003,999,837,810,824,746,744,683,881,810,848,765,617,526,449,455,389,401,3531097,5742850
248,1138062500,역촌동,2030,1733,1889,2075,2006,2107,1856,1825,1921,1966,1507,1623,1726,1828,1461,1579,1013,1032,857,830,815,879,7718114,12758395
249,1132070000,방학2동,973,948,976,1000,888,853,670,620,680,593,608,488,793,608,715,651,503,428,307,296,308,313,2923721,4672065
250,1171069000,잠실4동,730,672,779,753,994,964,1114,1269,950,1244,477,676,507,545,519,506,513,467,679,660,879,1003,3125823,7111535
251,1114066500,동화동,517,480,464,520,422,464,387,382,341,412,302,320,423,426,323,334,229,247,207,192,199,213,1686501,2604970
252,1120065000,성수1가1동,715,783,762,792,655,694,561,572,730,687,730,783,766,747,567,511,356,316,261,251,242,273,3366530,4231835
253,1162073500,대학동,617,855,1093,585,1264,613,1152,551,1403,679,1855,872,2569,1306,1208,1170,338,289,194,215,218,213,7501019,6154945
254,1141065500,홍제2동,704,618,632,669,582,626,439,486,465,481,507,487,503,508,443,432,316,318,249,254,240,251,2239615,3336480
255,1121586000,구의2동,1170,1081,1075,1220,1179,1242,988,1063,1065,1050,936,937,997,1051,859,855,669,682,538,533,502,520,4438577,7212490
256,1135063000,상계1동,1908,1685,1689,1882,1555,1755,1242,1310,1329,1379,1222,1123,1388,1376,1407,1318,1019,938,773,732,658,743,5849836,9327580
257,1129078000,장위3동,662,716,753,731,705,755,718,639,875,850,550,640,598,593,557,567,446,431,333,307,451,428,2935850,4943485
258,1117062500,한강로동,727,783,738,784,643,685,628,620,781,891,945,1035,805,980,467,579,262,227,219,200,210,200,4071209,4491670
259,1126054000,면목4동,827,826,845,841,846,720,780,701,791,707,661,654,739,656,568,579,375,330,306,254,291,322,3152033,4951760
260,1156061000,양평1동,515,492,582,516,726,590,789,726,1095,939,1146,1117,774,1003,426,507,289,285,229,221,274,303,4335678,5296000
261,1156065000,신길3동,765,761,733,736,689,676,643,575,680,634,641,582,607,670,488,448,342,308,280,272,299,323,2776163,4259970
262,1174054000,명일2동,727,659,708,700,861,919,540,793,469,535,470,406,552,550,559,521,715,621,678,539,433,418,2259654,4503255
263,1123074000,이문1동,612,657,677,665,734,684,564,546,572,466,672,492,1278,896,1044,1391,392,459,298,247,206,213,3670110,3915730
264,1159065000,사당4동,620,531,489,516,549,542,531,489,646,602,671,672,745,859,425,505,236,209,156,168,191,188,3088505,3654240
265,1159063000,사당2동,1154,1025,998,1120,1030,1085,1009,1007,1176,1146,1091,1184,1058,1153,762,827,498,449,452,338,452,464,5014624,7078435
266,1165053100,서초4동,951,1021,1405,1298,1669,1746,1385,1661,1002,1376,688,875,764,930,961,953,1035,932,1159,1067,997,1093,4068226,9589070
267,1150059000,화곡본동,1335,1119,1202,1312,1491,1403,1406,1425,1864,1577,1659,1505,1674,1837,1085,1176,739,649,647,539,666,679,7293384,10092190
268,1120052000,왕십리2동,714,694,665,743,693,743,652,614,800,715,691,777,737,753,504,568,350,360,283,261,300,313,3302317,4648895
269,1168053100,논현2동,719,692,723,794,888,961,905,968,1049,1268,1040,1308,955,1237,589,734,402,357,285,269,304,325,5030189,6426365
270,1138055100,갈현1동,1112,969,937,1063,961,1053,817,701,814,764,856,784,1072,1058,862,809,523,524,367,328,284,323,4067576,5602175
271,1129064000,정릉3동,590,568,599,638,566,590,440,429,500,402,586,451,874,541,841,812,347,335,211,182,161,173,2819276,3242145
272,1153056000,구로5동,1162,1185,1136,1156,1106,1070,1054,1009,1363,1323,1385,1461,1394,1740,821,1180,501,465,379,375,446,452,6284296,7440880
273,1114057000,필동,137,162,178,133,157,107,120,102,160,139,173,135,186,163,162,181,60,48,34,34,53,59,734268,809295
274,1144056500,공덕동,1699,1676,1622,1739,1587,1673,1328,1304,1629,1533,1649,1866,1772,2180,1192,1557,764,756,498,521,570,572,7748452,9820770
275,1138069000,진관동,1944,1864,2308,2236,2897,2945,2260,2864,1735,2233,1446,1816,1597,2231,1502,1852,1743,1646,2058,2032,1570,1724,7885265,16225620
276,1162072500,조원동,605,659,626,532,637,512,607,529,816,622,1064,846,1271,1383,545,802,242,222,198,195,193,198,4519033,4077920
277,1150063000,방화1동,1797,1668,1559,1612,2008,1811,2007,2017,1904,1923,1413,1544,1455,1623,1171,1228,1048,1028,1107,1114,1403,1346,7063545,12808045
278,1111060000,가회동,181,145,175,198,204,220,153,186,160,168,120,135,116,140,118,118,93,84,86,77,78,59,595522,1189945
279,1129059000,돈암2동,958,878,1064,1143,1255,1360,935,1079,800,984,673,687,734,738,761,773,736,695,710,735,665,672,3450946,6907970
280,1171071000,잠실6동,697,635,631,737,645,748,619,733,610,768,491,602,537,549,472,518,426,438,466,401,426,396,2664129,4485050
281,1168051000,신사동,568,529,703,700,766,927,604,779,565,723,544,666,579,732,509,566,453,455,415,399,290,318,2802327,4758125
282,1129066000,길음1동,1070,962,1499,1340,2120,2066,1747,2085,1452,1727,813,1011,753,857,918,958,1059,1177,1327,1332,1290,1356,4633869,12164250
283,1132067000,쌍문2동,941,740,771,908,777,767,668,672,795,681,622,615,731,698,590,585,443,437,319,277,260,341,3039577,4802810
284,1156066000,신길4동,451,416,399,369,375,341,258,241,298,244,294,244,399,323,290,279,177,153,163,130,99,75,1406373,1883390
285,1130559500,번1동,798,783,847,730,839,789,750,617,751,665,786,683,965,948,657,785,372,312,243,225,206,201,3632911,4811085
286,1144071000,연남동,508,464,499,594,598,600,603,586,720,782,831,883,930,1091,513,621,270,230,183,165,175,149,3920334,4152395
287,1117056000,원효로1동,538,547,525,564,674,582,708,676,914,911,883,991,665,876,366,511,229,223,220,206,329,328,3757465,4766400
288,1141070000,남가좌2동,1055,982,1155,1188,1269,1253,1200,1168,1287,1281,957,1073,1080,1044,1006,1106,656,699,551,534,747,708,4946094,8122740
289,1174066000,성내3동,1091,943,961,1037,911,1041,867,857,918,919,880,852,1024,1025,861,736,662,469,464,305,295,366,4223774,6095365
290,1162066500,서림동,761,793,883,700,982,688,990,622,1285,792,1612,1013,2223,1471,991,1055,360,310,237,234,233,254,6938883,5933175
291,1165058100,반포4동,701,608,747,767,858,1037,776,932,708,878,527,705,569,674,586,557,536,555,583,486,463,531,2954635,5714715
292,1126057000,면목7동,1129,956,968,960,925,799,797,703,921,811,859,877,929,883,668,619,391,359,295,276,276,322,3967333,5329100
293,1135062100,중계1동,837,898,1480,1249,1957,2184,1020,1582,530,782,376,397,609,590,960,847,1526,1384,1546,1372,741,880,2491365,8797980
294,1171068000,잠실3동,1319,1152,1412,1387,1564,1723,1357,1660,1212,1590,871,1109,945,989,1009,1131,966,970,1055,978,1002,1064,4969755,9850560
295,1150053500,등촌3동,1640,1437,1136,1385,1024,1231,941,904,1257,1110,1180,1190,1220,1166,1019,911,729,647,443,428,449,467,5339020,7171115
296,1126060000,중화1동,1014,886,744,834,756,736,748,654,899,790,805,815,862,884,614,620,377,384,322,322,339,347,3725750,5026235
297,1168075000,수서동,769,618,452,561,412,420,489,397,638,612,609,607,506,473,377,352,191,211,118,124,119,126,2581342,3217320
298,1114064500,청구동,631,581,588,588,500,602,471,467,555,524,562,595,583,587,405,444,265,265,207,191,211,217,2568539,3467225
299,1126056500,면목본동,1621,1637,1626,1647,1443,1451,1258,1093,1494,1224,1430,1411,1569,1519,1149,1067,619,613,417,460,442,458,6474705,8764880
300,1126065500,망우본동,1531,1576,1362,1377,1219,1046,1052,897,1136,989,1007,964,1244,1105,964,932,586,520,395,450,383,409,4882660,6836805
301,1150051000,염창동,1488,1372,1581,1585,1980,1955,1834,1982,1930,2030,1589,1859,1394,1793,1213,1185,1155,1086,1185,1150,1191,1245,7533082,12745155
302,1121587000,구의3동,1191,1134,1169,1369,1163,1407,1016,1083,1087,1173,1162,1319,1240,1395,1063,1097,712,748,582,581,524,498,5538116,7601415
303,1165060000,방배1동,619,539,597,708,678,789,674,762,703,836,694,874,635,796,583,552,458,349,285,289,308,328,3344341,4845840
304,1162068500,신사동,814,812,828,821,838,849,757,678,922,758,1296,985,1763,1780,903,1249,417,326,268,228,210,233,5816971,5305930
305,1120057000,행당2동,942,918,1018,1070,1106,1161,931,1029,969,1029,836,959,722,805,717,815,512,643,509,562,500,501,3889006,6768950
306,1120079000,용답동,469,669,698,473,593,431,471,349,467,364,469,403,576,584,377,468,203,201,150,130,140,132,2132424,2843290
307,1141062000,홍제1동,1108,930,960,1110,1021,1111,822,891,948,936,775,869,835,826,741,766,562,575,395,444,431,429,3843245,6242660
308,1129071500,월곡1동,1047,1024,1127,1106,1267,1264,1066,1103,1028,1067,777,776,777,821,717,757,637,708,649,667,643,644,3785415,7382955
309,1171064100,문정1동,957,874,766,913,773,839,662,687,946,858,948,890,966,1006,688,710,476,449,370,333,334,353,4170714,5186770
310,1130555500,송천동,1335,1333,1264,1226,1187,1104,971,801,962,829,872,741,1070,995,862,829,514,489,343,379,332,343,4100518,6351890
311,1141061500,연희동,1429,1267,1363,1467,1393,1582,1216,1263,1367,1435,1593,1459,2429,2095,1573,1687,745,710,600,600,501,531,8300593,8983340
312,1156069000,신길7동,716,749,818,881,865,881,814,770,992,1005,755,780,762,761,694,652,527,442,413,400,487,611,3684270,5721335
313,1130553400,삼양동,1082,1164,1116,1120,1091,1074,877,815,896,796,732,662,863,771,785,767,627,567,446,417,370,403,3517525,6060610
314,1135058000,월계3동,1366,1134,1127,1264,1231,1212,1163,1159,1378,1305,1033,1104,969,962,877,875,578,604,573,490,610,652,4887363,8129360
315,1129063000,정릉2동,991,901,901,988,992,1054,824,817,898,854,730,672,794,803,840,787,593,536,423,396,408,456,3466294,5946415
316,1135069500,상계6.7동,1435,1224,1364,1600,1454,1738,1199,1417,1254,1436,1092,1247,1212,1234,1085,1184,865,858,774,689,725,740,5607210,9281240
317,1153073000,고척2동,1180,1195,1250,1289,1226,1155,1012,1046,966,961,790,718,981,943,928,858,639,615,581,518,576,582,3978981,6916245
318,1141066000,홍은1동,1008,1011,1006,1044,957,999,741,766,832,762,668,680,745,736,721,765,549,532,408,384,397,379,3245915,5524390
319,1162057500,행운동,936,865,841,899,973,875,969,900,1287,1213,2020,1654,2424,2724,951,1446,413,434,315,291,308,324,8673918,6671305
320,1171058000,송파1동,1004,844,814,988,849,895,830,995,1228,1252,1490,1602,1383,1647,714,891,417,417,289,316,318,302,6433041,6533940
321,1111058000,교남동,391,377,396,448,478,543,399,444,453,494,389,451,329,392,281,304,193,237,225,205,218,237,1817131,3043545
322,1154569000,시흥3동,589,511,478,475,464,452,364,321,407,346,402,323,417,370,363,333,221,209,152,169,161,163,1711869,2555320
323,1162059500,청룡동,912,935,937,966,1060,990,1024,897,1341,1225,2088,1843,3266,3697,1473,2325,523,557,331,335,338,311,10324054,7037060
324,1130566000,인수동,1489,1325,1303,1395,1286,1271,1076,1003,1137,1001,994,926,1138,1115,943,984,598,616,532,492,492,507,4670024,7425985
325,1156072000,대림3동,1148,1137,1030,1031,942,966,741,714,914,733,915,798,928,869,730,688,515,388,360,313,337,288,3869324,5519425
326,1120072000,송정동,473,575,553,442,451,419,437,333,458,389,450,371,556,452,336,375,214,167,139,117,156,144,2074520,2725785
327,1162054500,청림동,590,556,585,609,650,647,657,617,739,720,591,599,560,509,465,417,322,306,298,264,318,362,2748940,4402300
328,1154564000,독산4동,872,878,822,759,644,658,480,463,534,456,567,464,680,634,512,536,293,282,217,244,168,191,2543998,3533425
329,1150061500,우장산동,1525,1454,1810,1745,2210,2322,1883,2287,1566,1812,1223,1231,1322,1382,1236,1381,1278,1492,1372,1379,1259,1254,6257674,13335990
330,1165065200,양재2동,849,799,823,856,1063,976,938,912,1215,1075,1149,1143,1177,1063,616,626,453,437,392,392,380,445,5160053,6687855
331,1147061100,신월7동,1029,944,862,858,814,826,775,653,782,695,675,598,798,667,667,610,430,426,307,309,313,334,3198162,5024580
332,1171063200,가락2동,1415,1273,1326,1376,1452,1601,1277,1375,1248,1359,1152,1194,1288,1277,1083,1087,1025,888,904,839,800,785,5666210,9104155
333,1159065100,사당5동,602,515,500,556,551,548,564,580,672,597,614,645,648,684,454,425,254,261,253,208,267,260,2843064,3912420
334,1121574000,중곡1동,663,633,619,671,600,571,563,518,776,647,728,814,834,904,471,540,232,223,165,147,162,209,3468576,4018340
335,1121573000,군자동,720,766,722,747,701,668,661,597,855,827,1003,1001,1296,1293,819,961,315,309,256,225,237,277,4845654,4602555
336,1121582000,자양1동,937,861,899,982,905,890,833,834,916,890,1015,1030,1234,1329,799,930,434,425,389,290,296,286,4842260,5747815
337,1147061000,신월6동,449,388,428,428,458,490,436,445,607,560,457,454,329,327,354,296,271,295,255,254,263,304,1947829,3273590
338,1154563000,독산3동,1244,1313,1164,1226,976,987,803,666,925,734,1012,837,1195,1092,780,828,422,427,298,309,269,306,4441907,5595555
339,1168066000,개포1동,297,286,283,271,261,269,200,242,172,224,170,163,220,198,186,203,147,162,142,142,135,136,895478,1461365
340,1162071500,난향동,652,617,700,662,856,791,689,720,554,591,423,422,437,415,462,410,409,411,361,326,367,400,2093179,4557870
341,1111067000,창신1동,267,370,297,232,213,191,133,133,163,103,136,120,186,146,148,115,82,77,44,47,33,50,650316,1026100
342,1174052000,상일동,1270,1146,1112,1181,1263,1235,1503,1507,1505,1710,970,1107,977,853,852,833,723,732,881,819,1065,1174,5229733,9516250
343,1123072000,휘경1동,446,501,565,570,469,477,433,379,596,531,582,494,807,763,617,941,260,287,161,142,181,181,2868663,3119675
344,1150059300,화곡8동,1144,873,851,1018,1041,1000,1038,983,1173,1124,1146,1045,1154,1204,757,778,481,473,388,360,390,375,5072380,6941070
345,1156063000,신길1동,667,671,694,578,703,627,641,510,713,538,993,725,1189,1060,461,659,313,266,180,181,163,174,4120019,4122605
346,1138058000,응암1동,1011,867,1027,1002,1137,1156,1034,1093,1011,993,885,917,863,1093,699,813,678,620,583,510,449,497,4094695,7106570
347,1141064000,홍제3동,661,659,711,718,665,684,488,441,529,478,538,466,555,541,527,550,393,337,230,223,201,210,2332353,3545010
348,1156068000,신길6동,733,691,671,713,686,667,591,576,720,666,765,764,891,994,578,592,372,298,264,195,267,255,3568635,4226870
349,1138059000,응암2동,854,780,945,961,1263,1204,1356,1291,1511,1544,931,1123,676,758,703,624,574,555,606,540,762,875,4551272,8874110
350,1171072000,잠실7동,380,414,406,482,358,436,297,370,257,336,247,270,287,337,328,354,250,361,205,278,181,181,1288747,2250800
351,1120067000,성수2가1동,803,1002,775,674,700,624,598,516,683,600,736,647,807,687,485,457,289,264,221,196,212,239,3227367,4006755
352,1147052000,목2동,1306,1266,1136,1331,1169,1327,1065,1156,1350,1301,1434,1365,1433,1603,1105,997,813,692,607,536,486,445,6283015,8106190
353,1165065100,양재1동,1665,1468,1532,1654,1901,1913,1937,2103,1824,2062,1534,1668,1557,1597,1135,1177,979,950,1183,1154,1316,1492,7598691,12870935
354,1138064000,증산동,721,665,651,646,660,656,490,513,545,530,525,494,578,595,481,459,382,333,296,270,222,217,2434336,3647620
355,1147051000,목1동,1023,1094,1491,1358,1911,2009,1342,1793,895,1262,587,773,740,802,955,990,1216,1225,1370,1355,1086,1066,3726088,9994545
356,1130563500,수유3동,977,1030,1036,1047,988,901,791,681,943,790,986,813,1245,1198,821,981,406,316,250,223,238,230,4530381,5487980
357,1159062000,사당1동,934,762,666,808,736,728,780,712,1040,968,1419,1313,1564,1934,704,1057,311,286,207,173,199,221,6118220,5395300
358,1111055000,부암동,452,386,398,498,445,504,318,374,284,364,294,301,372,344,339,320,257,241,237,205,172,201,1530546,2449400
359,1129065000,정릉4동,1085,960,1080,1084,1188,1198,942,980,961,1012,710,784,826,788,836,832,653,624,544,448,489,523,3757754,6754055
360,1162061500,중앙동,481,476,477,465,507,446,449,382,659,529,1002,869,1341,1575,558,1030,219,238,108,123,101,128,4508955,3204080
361,1117070000,보광동,672,616,604,651,609,607,449,459,586,499,613,470,779,608,479,399,280,211,172,146,113,144,2798473,3477155
362,1129052500,성북동,710,614,676,739,719,764,548,620,563,638,623,705,737,827,552,653,387,346,286,235,250,210,3095299,4129225
363,1153077000,오류1동,817,749,764,744,855,762,825,757,1053,951,1217,1175,1176,1349,617,831,381,358,275,262,312,281,5135502,5622035
364,1153052000,구로1동,827,717,717,781,934,884,907,950,1059,1034,904,909,765,869,617,654,503,441,559,514,500,575,3982113,6289000
365,1135059500,공릉1동,1578,1399,1441,1517,1478,1445,1365,1274,1537,1408,1314,1329,1788,1589,1658,1730,791,842,634,581,608,655,6823794,9302755
366,1156051500,영등포본동,908,978,952,891,892,838,785,687,966,826,806,769,888,739,621,583,428,384,298,254,370,367,3760194,5421780
367,1144069000,망원1동,749,728,784,781,858,894,771,803,984,1051,917,1070,992,1161,655,731,361,396,312,310,303,287,4540012,5713060
368,1135060000,공릉2동,1475,1388,1625,1614,1753,1919,1464,1629,1392,1459,1231,1211,1545,1409,1739,1937,1267,1245,1077,1020,856,925,6278529,10598620
369,1138063100,신사1동,1214,1066,1084,1210,1153,1189,983,999,1197,1059,949,1006,1108,1129,945,813,654,598,489,446,455,433,4709096,7229040
370,1168065500,도곡1동,888,770,912,948,994,1018,861,1025,779,970,762,890,807,894,672,717,533,617,546,644,651,550,3836973,6095365
371,1114058000,장충동,151,148,158,144,183,156,140,117,146,167,203,148,370,210,292,341,101,120,59,60,50,49,1106522,925145
372,1147058000,신월3동,704,852,816,689,747,536,566,503,596,473,591,477,644,578,465,441,361,338,257,239,238,301,2535934,3642655
373,1138055200,갈현2동,1257,1082,1196,1337,1227,1430,1106,1068,1131,1082,920,978,1140,1196,993,1105,700,775,565,497,460,495,4729620,7836425
374,1174051500,강일동,1175,1124,1353,1359,1378,1459,1276,1403,871,1107,689,730,936,901,1080,1056,999,997,1296,1171,829,841,3958884,8289895
375,1153076000,개봉3동,981,811,845,912,864,849,828,774,841,814,755,687,751,680,630,626,432,392,376,343,375,355,3395129,5448260
376,1120053500,왕십리도선동,1093,1088,1036,1252,1010,1050,1030,980,1301,1348,977,1237,1172,1332,895,1025,436,461,398,351,606,625,5337808,7217455
377,1154561000,독산1동,1561,1636,1517,1521,1633,1431,1748,1418,2322,1832,2465,1934,2549,2306,1255,1391,630,633,546,557,784,834,10162969,11450945
378,1168060000,대치1동,613,769,1321,1049,1757,1901,1001,1573,377,710,285,323,454,476,799,772,1490,1183,1659,1271,719,901,2008742,8030060
379,1126055000,면목5동,405,463,466,454,440,396,324,273,376,322,381,337,396,331,285,249,185,181,151,138,137,122,1647540,2265695
380,1165053000,서초3동,1138,1102,1204,1271,1290,1427,1022,1168,1148,1219,1272,1412,1330,1561,1102,1179,926,675,634,485,445,468,5924612,7886075
381,1132051300,창3동,665,665,679,663,623,622,514,452,516,467,436,356,505,481,498,415,313,300,259,238,243,238,2036861,3482120
382,1138060000,응암3동,1126,1104,1061,1041,1087,1079,835,748,939,846,876,784,1036,1002,835,760,543,515,353,314,278,291,4105304,5959655
383,1111054000,삼청동,110,109,95,108,86,101,93,88,101,107,80,92,98,90,88,72,57,45,63,43,31,28,428356,633865
384,1144059000,용강동,748,675,777,734,1116,1046,992,1221,1045,1124,722,911,601,730,488,496,395,408,581,597,726,689,3624833,7123120
385,1165057000,반포2동,425,433,705,546,1004,1038,710,999,431,676,210,318,322,295,364,405,562,619,797,768,601,690,1681526,5259590
386,1111064000,이화동,290,305,260,293,288,302,233,219,247,273,365,403,531,523,275,372,120,127,95,108,69,83,1871919,1656655
387,1130554500,송중동,1422,1248,1211,1359,1301,1284,1126,1048,1140,1070,1038,1011,1152,1196,926,1037,574,586,467,510,407,471,4882086,7609690
388,1132051200,창2동,1348,1241,1234,1407,1299,1283,1077,1024,1181,1137,1019,992,1117,1124,961,989,718,625,525,492,496,536,4851827,7555075
389,1120064500,옥수동,1097,932,919,1028,1010,1118,1203,1141,1379,1577,974,1336,776,1033,609,653,443,429,425,413,631,669,4992478,8011855
390,1126061000,중화2동,1268,1453,1302,1166,1083,958,892,739,1027,838,1029,903,1111,1127,799,850,427,360,256,245,251,296,4481285,5984480
391,1129081000,석관동,1617,1537,1458,1484,1499,1453,1205,1119,1405,1250,1245,1172,1483,1398,1156,1288,706,627,533,490,508,575,5952683,8576210
392,1121584700,자양4동,805,923,806,730,751,692,596,532,698,619,769,635,818,789,528,595,281,275,168,194,199,185,3283732,4167290
393,1144073000,성산2동,1371,1292,1528,1556,1756,1922,1529,1633,1609,1734,1596,1998,1556,2361,1203,1683,996,953,885,763,769,761,7658092,11076915
394,1165066000,내곡동,720,626,566,651,680,636,845,816,824,960,548,612,585,559,471,398,277,290,359,328,645,658,2990655,5165255
395,1120069000,성수2가3동,429,548,461,414,413,413,376,319,503,430,576,507,593,672,370,429,148,159,122,122,136,152,2424817,2666205
396,1174059000,암사3동,676,597,696,727,807,745,812,895,739,886,504,566,481,490,504,511,484,445,518,493,637,657,2662079,5281105
397,1171064600,장지동,1338,1208,1200,1357,1233,1326,1136,1207,1333,1285,1159,1187,1165,1098,976,987,833,813,671,613,635,655,5392049,8278310
398,1156058500,도림동,727,779,792,702,809,719,689,601,910,772,869,810,826,879,491,526,303,263,206,207,241,262,3705284,4830945
399,1132071000,방학3동,1419,1180,1123,1264,1170,1332,873,994,859,914,789,733,980,797,938,795,808,685,723,642,571,672,3945844,6715990
400,1174053000,명일1동,1093,958,1006,1098,1116,1224,950,1007,1133,1136,989,934,806,888,847,763,782,665,606,571,551,600,4252216,7139670
401,1171060000,석촌동,1298,1183,1172,1278,1226,1313,1274,1245,1677,1664,1846,2030,1676,2128,920,1070,595,539,427,433,391,439,8058940,9117395
402,1153055000,구로4동,942,896,886,835,851,853,731,658,806,678,775,773,830,938,589,576,339,333,242,253,221,231,3497254,5044440
403,1147063000,신정2동,824,877,993,972,1075,1141,734,952,483,606,397,405,638,611,756,677,784,778,762,650,502,475,2399122,5478050
404,1117052000,용산2가동,402,355,329,400,383,409,359,307,456,413,472,458,518,475,307,284,178,177,131,116,99,114,2138512,2533805
405,1171063100,가락1동,1078,983,938,1057,981,1068,1143,1146,1385,1540,1294,1394,918,1138,883,764,589,530,538,630,790,883,5552802,7848010
406,1135056000,월계1동,894,936,898,909,969,879,865,798,822,697,731,625,1085,726,1172,894,549,477,421,377,354,371,3754237,5567420
407,1132051400,창4동,1235,1188,1186,1381,1200,1366,920,1048,939,963,748,791,982,917,970,974,736,753,656,587,533,551,4012118,7071815
408,1159060500,흑석동,1322,1272,1236,1415,1313,1243,1207,1195,1308,1267,1080,1129,1464,1212,1275,1247,607,625,532,470,630,681,5739024,8197215
409,1114054000,회현동,216,356,254,182,219,163,160,136,136,134,140,148,134,169,96,120,42,64,46,55,61,62,624358,984725
410,1156070000,대림1동,591,631,532,569,506,537,414,335,385,320,438,331,595,539,386,475,295,196,178,150,130,127,2023631,2765505
411,1174069000,둔촌1동,6,10,9,5,12,11,12,15,12,12,3,1,3,6,7,2,2,2,3,2,2,4,20229,82750
412,1126059000,상봉2동,775,815,772,776,740,687,637,583,951,882,1130,1121,1113,1439,560,764,259,271,199,146,168,187,4830897,4729990
413,1150057000,화곡4동,947,899,782,903,831,864,874,739,1000,908,827,817,896,810,673,597,398,395,329,308,320,341,3917488,5754435
414,1126069000,신내2동,1015,851,857,921,819,932,797,769,813,839,672,702,737,717,629,594,484,487,438,402,408,378,3330937,5479705
415,1174056000,고덕2동,790,798,828,809,890,849,944,844,1040,1057,771,781,622,573,618,505,469,446,512,448,617,693,3518396,6085435
416,1135057000,월계2동,1204,1101,1137,1199,1172,1168,1066,1024,993,973,737,735,830,739,915,801,680,622,495,483,509,509,3706180,7035405
417,1150060400,가양2동,803,705,418,478,366,354,382,379,614,523,723,708,518,650,306,358,165,131,92,96,137,123,2721406,2861495
418,1123066000,장안2동,1256,1228,1296,1240,1509,1427,1452,1424,1538,1538,1103,1066,1088,1005,952,895,768,658,786,694,773,857,5337118,9666855
419,1153059500,가리봉동,425,592,589,369,411,338,284,210,332,220,379,288,498,368,257,283,96,99,72,56,65,74,1670388,1926420
420,1156055000,당산1동,783,774,783,756,799,718,754,701,1064,881,1149,1134,1087,1256,552,708,300,301,220,212,274,253,4817441,5357235
421,1141072000,북가좌2동,1486,1272,1390,1399,1383,1438,1147,1191,1210,1144,1073,1017,1373,1310,1116,1110,768,726,544,525,477,547,5357551,8251830
422,1165062000,방배3동,1024,856,838,916,852,1027,686,786,738,814,716,781,805,720,714,688,666,547,393,460,368,396,3536969,5357235
423,1156067000,신길5동,500,485,450,493,427,428,404,400,484,412,362,345,388,389,324,317,206,210,168,172,210,197,1709666,2839980
