,행정동코드,시군구명,행정동명,돌봄 틈새공백 인구,동별 돌봄 틈새공백 인구 비율,돌봄틈새공백 분위
0,1117051000,용산구,후암동,3.6088457007248373,0.0031518303063099015,7
1,1117057000,용산구,원효로2동,3.445289893465405,0.0031066635648921595,7
2,1117064000,용산구,이촌2동,1.544050857197179,0.003131949000399957,10
3,1117066000,용산구,이태원2동,1.5085172650021872,0.0033374275774384673,10
4,1117069000,용산구,서빙고동,3.5876309196956053,0.0030403651861827165,7
5,1117063000,용산구,이촌1동,9.948966800150584,0.003108080849781501,2
6,1117065000,용산구,이태원1동,0.7634296325759878,0.0029476047589806482,10
7,1117068500,용산구,한남동,3.9470796488128013,0.0035210344770854607,7
8,1117053000,용산구,남영동,0.6040874752791672,0.0028228386695288185,10
9,1117058000,용산구,효창동,2.4644262287756447,0.0033484052021408215,9
10,1117055500,용산구,청파동,2.6760207094150203,0.002996663728348287,8
11,1117059000,용산구,용문동,2.480368727557719,0.0031637356218848457,9
12,1117062500,용산구,한강로동,2.814478641929814,0.003395028518612562,8
13,1117056000,용산구,원효로1동,4.254707130926885,0.003928630776479119,6
14,1117070000,용산구,보광동,1.7206950800992704,0.00299251318278134,10
15,1117052000,용산구,용산2가동,1.4526961709953952,0.0031580351543378155,10
16,1159053000,동작구,상도1동,9.764279257892401,0.0029732884463740564,2
17,1159068000,동작구,신대방2동,5.834855198785317,0.003388417653185434,4
18,1159066000,동작구,대방동,11.361444501824602,0.003258228993927331,1
19,1159054000,동작구,상도2동,7.2534411271055586,0.003384713545079589,3
20,1159056000,동작구,상도4동,6.178491812548589,0.0033343183014293517,4
21,1159051000,동작구,노량진1동,6.338474353259629,0.0031566107336950346,4
22,1159052000,동작구,노량진2동,1.1703513023277443,0.0028133444767493854,10
23,1159064000,동작구,사당3동,6.659750279793182,0.003306728043591451,4
24,1159055000,동작구,상도3동,4.620396411773373,0.003300283151266695,6
25,1159067000,동작구,신대방1동,7.0147892038882524,0.003151297935259772,3
26,1159065000,동작구,사당4동,2.338771528787451,0.0033268442799252503,9
27,1159063000,동작구,사당2동,5.555501230706048,0.0032564485525826774,5
28,1159065100,동작구,사당5동,3.3960661678678425,0.0034373139350889095,7
29,1159062000,동작구,사당1동,2.7307618033737997,0.0034134522542172497,8
30,1159060500,동작구,흑석동,7.120933568837846,0.00307865696880149,3
31,1111070000,종로구,숭인1동,1.0781882083028118,0.002921919263693257,10
32,1111061500,종로구,종로1.2.3.4가동,0.5052268543374988,0.0025388284137562753,10
33,1111051500,종로구,청운효자동,3.3764130418290965,0.003072259364721653,7
34,1111069000,종로구,창신3동,1.2496268510831512,0.002783133298626172,10
35,1111057000,종로구,무악동,2.6953784374103957,0.0029139226350382657,8
36,1111056000,종로구,평창동,3.8206394367372263,0.0027039203373936493,7
37,1111053000,종로구,사직동,2.132371356073875,0.003028936585332209,9
38,1111065000,종로구,혜화동,2.6946425860316596,0.0025885135312503937,8
39,1111071000,종로구,숭인2동,0.8628285307156872,0.002905146568066287,10
40,1111068000,종로구,창신2동,0.8109248042728325,0.002449923879978346,10
41,1111063000,종로구,종로5·6가동,0.36052803360031965,0.0024693700931528745,10
42,1111060000,종로구,가회동,0.9191235297730548,0.003063745099243516,10
43,1111058000,종로구,교남동,3.026546513007169,0.0034198265683696824,8
44,1111067000,종로구,창신1동,0.3973164640277049,0.0022834279541822117,10
45,1111055000,종로구,부암동,2.303721010481906,0.0028266515466035657,9
46,1111054000,종로구,삼청동,0.4491934153045971,0.0027223843351793764,10
47,1111064000,종로구,이화동,1.0503743506567729,0.0029588009877655574,10
48,1114065000,중구,신당5동,1.7691950498303497,0.0029734370585384026,9
49,1114067000,중구,황학동,1.8854129696854565,0.003472215413785371,9
50,1114052000,중구,소공동,0.6917156251437286,0.003952660715107021,10
51,1114068000,중구,중림동,2.6307416337343836,0.003259902891864168,9
52,1114061500,중구,신당동,0.7120793440023507,0.0029424766281088872,10
53,1114059000,중구,광희동,0.4385433055898292,0.0025796665034695833,10
54,1114055000,중구,명동,0.32548839127820206,0.002624906381275823,10
55,1114063500,중구,약수동,3.048400630569681,0.0027145152542917906,8
56,1114060500,중구,을지로동,0.10825325201023454,0.0024603011820507853,10
57,1114062500,중구,다산동,1.9543209181946735,0.002865573193833832,9
58,1114066500,중구,동화동,2.130565525491193,0.002627084495056958,9
59,1114057000,중구,필동,0.46410397936019804,0.002578355440889989,10
60,1114064500,중구,청구동,2.335289896747193,0.0028272274779021704,9
61,1114058000,중구,장충동,0.5479782535562139,0.002513661713560614,10
62,1114054000,중구,회현동,0.49627672801030287,0.0022155211071888522,10
63,1132051100,도봉구,창1동,6.743658913910866,0.0032944108030829827,3
64,1132069000,도봉구,방학1동,5.861448076368536,0.0028988368330210364,4
65,1132068000,도봉구,쌍문3동,2.8781464230836917,0.00315586230601282,8
66,1132052200,도봉구,도봉2동,5.015385739478937,0.0029641759689591827,5
67,1132052100,도봉구,도봉1동,2.8804047792074017,0.0027250754770174095,8
68,1132051500,도봉구,창5동,5.483669508039415,0.003122818626446136,5
69,1132068100,도봉구,쌍문4동,5.415102266217137,0.003080262950066631,5
70,1132066000,도봉구,쌍문1동,4.225712088939374,0.002967494444479897,6
71,1132070000,도봉구,방학2동,3.4827458831948888,0.002845380623525236,7
72,1132067000,도봉구,쌍문2동,3.7148189242615213,0.003103441039483309,7
73,1132051300,도봉구,창3동,2.923008895198775,0.00298876165153249,8
74,1132051200,도봉구,창2동,6.704908830116167,0.003272283470042053,4
75,1132071000,도봉구,방학3동,7.6930932930681974,0.0029498057105322843,3
76,1132051400,도봉구,창4동,7.351761598576017,0.003159330295907184,3
77,1147060000,양천구,신월5동,4.367988220025433,0.003583255307650068,6
78,1147053000,양천구,목3동,4.87859244503393,0.0038780544078171144,5
79,1147062000,양천구,신정1동,10.301746413475847,0.003578237726111791,2
80,1147056000,양천구,신월1동,4.123534864380645,0.003391064855576188,6
81,1147065000,양천구,신정4동,7.455003397538809,0.0037481163386318796,3
82,1147055000,양천구,목5동,25.019771214482216,0.0037960508594268266,1
83,1147068000,양천구,신정7동,10.061170390440417,0.003415197009653909,2
84,1147059000,양천구,신월4동,6.416002336888306,0.0036330704059390185,4
85,1147057000,양천구,신월2동,6.265917807504066,0.0036073217084076374,4
86,1147054000,양천구,목4동,8.576199064125571,0.003474959102157849,2
87,1147067000,양천구,신정6동,11.719264940124408,0.00363613556938393,1
88,1147064000,양천구,신정3동,17.05756336980347,0.0036009211251432282,1
89,1147061100,양천구,신월7동,4.1760570797775145,0.0033064584954691327,6
90,1147061000,양천구,신월6동,4.384892866712411,0.004075179244156516,6
91,1147052000,양천구,목2동,8.114338009739692,0.003912409840761665,3
92,1147051000,양천구,목1동,19.27709242851936,0.003952653768406676,1
93,1147058000,양천구,신월3동,3.421012122379743,0.0033053257221060317,7
94,1147063000,양천구,신정2동,8.130818757944086,0.003403440250290534,3
95,1168063000,강남구,대치4동,5.5322286576792115,0.0039291396716471675,5
96,1168073000,강남구,일원1동,2.8605436710076195,0.0030270303396906025,8
97,1168052100,강남구,논현1동,3.3268174414430556,0.00450788271198246,8
98,1168072000,강남구,일원본동,11.540118872078404,0.0034345591881185726,1
99,1168059000,강남구,삼성2동,13.769084636331055,0.004111401802427905,1
100,1168070000,강남구,세곡동,19.999723488054304,0.0035650130994749206,1
101,1168061000,강남구,대치2동,13.453891016232655,0.0030765815266939524,1
102,1168058000,강남구,삼성1동,3.7292587351506854,0.0033296952992416832,7
103,1168054500,강남구,압구정동,9.435524640451456,0.0033211983950902696,2
104,1168067000,강남구,개포2동,6.558074854592798,0.003166622334424335,4
105,1168069000,강남구,개포4동,4.7364737545676086,0.003449725968366794,6
106,1168065000,강남구,역삼2동,19.27656988974999,0.00404120962049266,1
107,1168064000,강남구,역삼1동,5.309763302264545,0.004805215658157959,5
108,1168065600,강남구,도곡2동,13.99597251975168,0.003258666477241369,1
109,1168074000,강남구,일원2동,5.452555151904018,0.0034553581444258666,5
110,1168056500,강남구,청담동,8.800815274681376,0.0036639530702253856,2
111,1168053100,강남구,논현2동,4.908764308131597,0.004149420378809465,5
112,1168051000,강남구,신사동,4.959860015151969,0.0034879465648044792,5
113,1168075000,강남구,수서동,1.3916555250512028,0.00285760888100863,10
114,1168066000,강남구,개포1동,1.4783345114863127,0.0026636657864618244,10
115,1168065500,강남구,도곡1동,8.309530137390558,0.003475336736675265,2
116,1168060000,강남구,대치1동,15.288393284750997,0.0033600864362090103,1
117,1126058000,중랑구,상봉1동,5.847242052558088,0.002956138550332704,4
118,1126063000,중랑구,묵2동,3.7281633207990086,0.003122414841540208,7
119,1126057500,중랑구,면목3.8동,3.687765486403497,0.002869856409652527,7
120,1126066000,중랑구,망우3동,2.6987880351846383,0.002739886330136689,8
121,1126052000,중랑구,면목2동,4.373219441773563,0.0029174245775674206,6
122,1126068000,중랑구,신내1동,12.199138385091285,0.002864992575174092,1
123,1126062000,중랑구,묵1동,9.361061960298517,0.0031328855288816995,2
124,1126054000,중랑구,면목4동,3.563879804383759,0.0030382607027994537,7
125,1126057000,중랑구,면목7동,3.5012168661481624,0.0029950529222824316,7
126,1126060000,중랑구,중화1동,4.034282738093447,0.003033295291799584,7
127,1126056500,중랑구,면목본동,5.4758385502137354,0.003081507343958208,5
128,1126065500,중랑구,망우본동,4.4834272271108775,0.0027388071026944886,6
129,1126055000,중랑구,면목5동,1.6446510283578826,0.0030011880079523403,10
130,1126061000,중랑구,중화2동,2.9978725724174855,0.002860565431696074,8
131,1126059000,중랑구,상봉2동,2.3995628853944027,0.0034279469791348607,9
132,1126069000,중랑구,신내2동,4.805395267211032,0.0029553476428112128,6
133,1144060000,마포구,대흥동,2.219374291118974,0.0031660118275591643,9
134,1144072000,마포구,성산1동,4.7580452270908955,0.003632095593199157,6
135,1144055500,마포구,아현동,7.5821807202352485,0.0037835233134906427,3
136,1144066000,마포구,서교동,3.642836358258514,0.003728594020735429,7
137,1144061000,마포구,염리동,3.787708560135075,0.003452788113158683,7
138,1144068000,마포구,합정동,3.2130501760061456,0.00359804051064518,8
139,1144074000,마포구,상암동,13.575425825153266,0.0033685920161670635,1
140,1144058500,마포구,도화동,5.153980138604245,0.00327444735616534,5
141,1144063000,마포구,신수동,5.96824604945441,0.003433973561251099,4
142,1144065500,마포구,서강동,6.365960850246004,0.00343178482493046,4
143,1144070000,마포구,망원2동,4.9902724966337555,0.003415655370728101,5
144,1144056500,마포구,공덕동,7.035487721501915,0.0032556629900517887,3
145,1144071000,마포구,연남동,2.445392179155077,0.0036389764570760076,9
146,1144069000,마포구,망원1동,4.3113973643272985,0.0035572585514251636,6
147,1144059000,마포구,용강동,9.955819503343129,0.003839498458674558,2
148,1144073000,마포구,성산2동,10.946862732848595,0.003444576064458337,2
149,1123061000,동대문구,답십리2동,5.802513492518774,0.0030668675964686965,4
150,1123056000,동대문구,전농1동,5.474118184308796,0.0029734482261318824,5
151,1123054500,동대문구,제기동,3.111347327929713,0.0026615460461332017,8
152,1123071000,동대문구,회기동,1.6679144359353106,0.0027477997297122086,10
153,1123053600,동대문구,용신동,4.0892785471765265,0.003126359745547803,6
154,1123060000,동대문구,답십리1동,8.240368984296667,0.0035245376322911325,2
155,1123075000,동대문구,이문2동,4.847463009862821,0.0028802513427586577,5
156,1123057000,동대문구,전농2동,4.575597668038999,0.00287231492030069,6
157,1123065000,동대문구,장안1동,8.854462471447892,0.003371844048533089,2
158,1123070500,동대문구,청량리동,2.633392007797863,0.0025151786129874528,8
159,1123073000,동대문구,휘경2동,4.695548294188583,0.002771870303535173,6
160,1123074000,동대문구,이문1동,2.4922018214992856,0.0025852715990656487,9
161,1123072000,동대문구,휘경1동,1.9301907575985244,0.00290254249262936,9
162,1123066000,동대문구,장안2동,10.528155339843252,0.0033852589517180875,2
163,1153075000,구로구,개봉2동,7.7243829407934825,0.0033584273655623835,3
164,1153053000,구로구,구로2동,3.514241148206809,0.0029309767708146865,7
165,1153074000,구로구,개봉1동,6.748174896878876,0.0031637013112418544,3
166,1153051000,구로구,신도림동,15.036398113701274,0.003906572645804436,1
167,1153078000,구로구,오류2동,15.328145309336813,0.003400964124547773,1
168,1153079000,구로구,수궁동,5.964864614969314,0.003321194106330353,4
169,1153054000,구로구,구로3동,6.320281580233551,0.004199522644673456,4
170,1153072000,구로구,고척1동,5.2717705624883795,0.003112025125435879,5
171,1153056000,구로구,구로5동,5.9759811856341845,0.0036174220252022907,4
172,1153073000,구로구,고척2동,7.0155726666807094,0.003108361837253305,3
173,1153077000,구로구,오류1동,4.1680785343824,0.0036885650746746905,6
174,1153052000,구로구,구로1동,8.392351071122583,0.003907053571286119,2
175,1153076000,구로구,개봉3동,4.77649474772812,0.0032964076933941476,6
176,1153055000,구로구,구로4동,3.0880329414716714,0.003260858438724046,8
177,1153059500,구로구,가리봉동,0.7746935078271205,0.0029014738120865936,10
178,1165062100,서초구,방배4동,8.857123897061394,0.003962918969602413,2
179,1165059000,서초구,방배본동,8.415533510486915,0.0035948455832921465,2
180,1165054000,서초구,잠원동,14.229304958408791,0.004012776356009247,1
181,1165058000,서초구,반포3동,9.974509347885036,0.003910038944682491,2
182,1165061000,서초구,방배2동,5.1607379395027175,0.003636883678296489,5
183,1165056000,서초구,반포1동,17.821292683882376,0.004492385350108994,1
184,1165051000,서초구,서초1동,8.102884002443574,0.004209290390879778,3
185,1165055000,서초구,반포본동,3.993937187979063,0.0032079816770916167,7
186,1165052000,서초구,서초2동,7.425023298679248,0.0045082108674433805,3
187,1165053100,서초구,서초4동,16.674839044059553,0.0038634937544160222,1
188,1165058100,서초구,반포4동,7.970719597500425,0.003863654676442281,3
189,1165060000,서초구,방배1동,4.879786068215511,0.004032881048111992,5
190,1165065200,서초구,양재2동,7.063091830094862,0.004389740105714644,3
191,1165065100,서초구,양재1동,20.058894237450048,0.0038987160811370354,1
192,1165053000,서초구,서초3동,7.734014205418015,0.0038061093530600467,3
193,1165057000,서초구,반포2동,11.197144743908032,0.00392056888792298,2
194,1165066000,서초구,내곡동,7.561568011711884,0.0037997829204582333,3
195,1165062000,서초구,방배3동,5.5701305395677085,0.0034447313169868325,4
196,1141056500,서대문구,충현동,2.7909389721863023,0.0029785901517463205,8
197,1141071000,서대문구,북가좌1동,6.05741601482642,0.0032584271193256695,4
198,1141052000,서대문구,천연동,4.383763120782922,0.0031046481025374805,6
199,1141058500,서대문구,신촌동,1.9558535137608766,0.002842810339768716,9
200,1141069000,서대문구,남가좌1동,7.973469217381161,0.0036542022077823834,3
201,1141068500,서대문구,홍은2동,5.155779098540102,0.002939440763135748,5
202,1141055500,서대문구,북아현동,4.404923378003571,0.0035211218049588894,6
203,1141065500,서대문구,홍제2동,2.920333058526542,0.0029379608234673463,8
204,1141070000,서대문구,남가좌2동,8.408840721929398,0.0033105672133580304,2
205,1141062000,서대문구,홍제1동,5.298327998802808,0.00311849793926004,5
206,1141061500,서대문구,연희동,6.923354514759863,0.00310186134173829,3
207,1141066000,서대문구,홍은1동,4.517444276885687,0.002881023135768933,6
208,1141064000,서대문구,홍제3동,2.3994241559088363,0.002777111291561153,9
209,1141072000,서대문구,북가좌2동,6.300026192127494,0.003010045958971569,4
210,1162065500,관악구,신원동,1.9828948902646732,0.002661603879549897,9
211,1162076500,관악구,미성동,5.620679055694656,0.0025583427654504577,4
212,1162064500,관악구,서원동,1.9985289878883519,0.0028307776032412916,9
213,1162069500,관악구,신림동,1.1420160014495402,0.003235172808638924,10
214,1162077500,관악구,난곡동,4.029071542481558,0.0024748596698289673,7
215,1162062500,관악구,인헌동,4.044835196522048,0.002901603440833607,7
216,1162063000,관악구,남현동,2.6176133654988525,0.0028955900060828013,9
217,1162074500,관악구,삼성동,2.8588952558386267,0.0022743796784714613,8
218,1162052500,관악구,보라매동,3.6269262063318277,0.002690598075913819,7
219,1162060500,관악구,은천동,7.48485675553483,0.002781440637508298,3
220,1162056500,관악구,성현동,7.161959045747561,0.0026359805100285463,3
221,1162058500,관악구,낙성대동,2.286088735109037,0.002832823711411446,9
222,1162073500,관악구,대학동,2.5926418333530226,0.0030864783730393127,9
223,1162072500,관악구,조원동,2.189864323145945,0.002793194289726971,9
224,1162066500,관악구,서림동,2.8012073999278733,0.0029240160750812873,8
225,1162068500,관악구,신사동,2.5250388015526837,0.0026890722061263935,9
226,1162057500,관악구,행운동,3.599903259248754,0.00290783785076636,7
227,1162059500,관악구,청룡동,3.525093747590385,0.0026806796559622702,7
228,1162054500,관악구,청림동,3.56127972411625,0.0028673749791596217,7
229,1162071500,관악구,난향동,3.9837400902709437,0.002739848755344528,7
230,1162061500,관악구,중앙동,1.2416531731840446,0.0026992460286609666,10
231,1130561500,강북구,수유1동,3.2412989364727705,0.0026655418885466863,8
232,1130560300,강북구,번2동,2.354254748694253,0.0025645476565296873,9
233,1130557500,강북구,삼각산동,12.843193950834547,0.003188479133772231,1
234,1130562500,강북구,수유2동,3.194182054551471,0.0025614932273869055,8
235,1130560800,강북구,번3동,3.048438031381828,0.0024966732443749613,8
236,1130564500,강북구,우이동,3.486039824049513,0.002619113316340731,7
237,1130553500,강북구,미아동,2.907813919050505,0.0026531148896446212,8
238,1130559500,강북구,번1동,2.580265639168868,0.002948875016192992,9
239,1130555500,강북구,송천동,3.6171785684203783,0.0025892473646530983,7
240,1130553400,강북구,삼양동,4.388855710345211,0.002682674639575312,6
241,1130566000,강북구,인수동,5.316146075883064,0.002627852731528949,5
242,1130563500,강북구,수유3동,2.6434734535869526,0.0028092172726747635,8
243,1130554500,강북구,송중동,5.275045999236941,0.0028436905656263833,5
244,1150055000,강서구,화곡2동,5.388818428137036,0.0036733595283824374,5
245,1150060300,강서구,가양1동,7.373693587853719,0.004103335329913032,3
246,1150059100,강서구,화곡6동,4.996830598719937,0.0034556228206915193,5
247,1150054000,강서구,화곡1동,9.45450929924264,0.0038558357664121696,2
248,1150056000,강서구,화곡3동,4.842111345195581,0.0032783421429895604,5
249,1150064100,강서구,방화3동,5.30230459003187,0.0033729672964579326,5
250,1150064000,강서구,방화2동,4.3553041591819195,0.0031930382398694425,6
251,1150060500,강서구,가양3동,1.8490294700945369,0.0036043459456033856,9
252,1150061100,강서구,발산1동,16.830424339686854,0.0034716221822786416,1
253,1150052000,강서구,등촌1동,4.810968120672823,0.004205391713874845,6
254,1150062000,강서구,공항동,8.20851225293714,0.003805522602196171,3
255,1150053000,강서구,등촌2동,4.985844110673654,0.003459988973402952,5
256,1150059000,강서구,화곡본동,9.772729204913814,0.0038612126451654737,2
257,1150063000,강서구,방화1동,17.737956510317833,0.0035690053340679743,1
258,1150053500,강서구,등촌3동,5.4126372371880525,0.003028896047670986,5
259,1150051000,강서구,염창동,18.83348494679135,0.003947492128860061,1
260,1150061500,강서구,우장산동,19.060714384587317,0.0036209563800507823,1
261,1150059300,강서구,화곡8동,5.536878347837765,0.003659536251049415,5
262,1150057000,강서구,화곡4동,4.559388333955342,0.0035126258350965654,6
263,1150060400,강서구,가양2동,1.3371657652251954,0.0029847450116633825,10
264,1171053200,송파구,거여2동,4.073504982054205,0.0033721067732236797,6
265,1171051000,송파구,풍납1동,2.578316900536436,0.0032970804354685882,9
266,1171067000,송파구,잠실2동,25.98203480525083,0.004126097317016172,1
267,1171061000,송파구,삼전동,8.055051934059566,0.004289165034110525,3
268,1171065000,송파구,잠실본동,6.010609197278628,0.004215013462327229,4
269,1171056100,송파구,방이1동,4.930011261772529,0.003513906815233449,5
270,1171054000,송파구,마천1동,4.394481465928963,0.0029935159849652335,6
271,1171062000,송파구,가락본동,5.92800916550372,0.0036705939105286193,4
272,1171056200,송파구,방이2동,4.545591749532472,0.004147437727675613,6
273,1171052000,송파구,풍납2동,7.841454401995584,0.0037322486444529195,3
274,1171055000,송파구,마천2동,3.5449757397799653,0.002983986312946099,7
275,1171056600,송파구,오륜동,7.927605803768238,0.0032226039852716417,3
276,1171059000,송파구,송파2동,6.224808453763824,0.003435324753732795,4
277,1171053100,송파구,거여1동,2.8444946507757076,0.003273296491111286,8
278,1171064200,송파구,문정2동,6.972312236611367,0.004611317616806459,3
279,1171064700,송파구,위례동,20.01700357153556,0.0043177315728074985,1
280,1171057000,송파구,오금동,9.785832653888408,0.0033513125527015095,2
281,1171069000,송파구,잠실4동,12.77500857225721,0.003966162239136048,1
282,1171071000,송파구,잠실6동,5.787434229483141,0.00342654483687575,4
283,1171068000,송파구,잠실3동,14.45488348263084,0.0035264414448965215,1
284,1171064100,송파구,문정1동,4.946232309503908,0.0035584405104344663,5
285,1171058000,송파구,송파1동,5.039648232970494,0.004113998557526934,5
286,1171063200,송파구,가락2동,12.045571318466003,0.0036194625355967557,1
287,1171072000,송파구,잠실7동,2.4397830970515613,0.002887317274617232,9
288,1171064600,송파구,장지동,9.300181190321746,0.003613124005564004,2
289,1171060000,송파구,석촌동,7.076080820848561,0.004187030071508024,3
290,1171063100,송파구,가락1동,11.457108835399305,0.004032773261316193,1
291,1174055000,강동구,고덕1동,15.830483859059571,0.0038658080241903716,1
292,1174070000,강동구,둔촌2동,6.670494652432281,0.0032554878733198054,4
293,1174061000,강동구,천호2동,6.106922357987067,0.00357129962455384,4
294,1174068500,강동구,길동,9.504775297099254,0.0034202142127021423,2
295,1174060000,강동구,천호1동,5.093998271266619,0.0032758831326473435,5
296,1174065000,강동구,성내2동,3.9476223309943177,0.003559623382321296,7
297,1174064000,강동구,성내1동,6.093799609644816,0.0036665460948524767,4
298,1174058000,강동구,암사2동,4.41242599738786,0.0037940034371348754,6
299,1174057000,강동구,암사1동,8.404935484311618,0.0034263903319656005,2
300,1174062000,강동구,천호3동,4.227016543425184,0.003531342141541507,6
301,1174054000,강동구,명일2동,6.489100230579842,0.0031378627807446043,4
302,1174066000,강동구,성내3동,4.830490908265039,0.003377965670115412,6
303,1174052000,강동구,상일동,14.676636268034136,0.003725980266066041,1
304,1174051500,강동구,강일동,12.720745269538957,0.0030748719529946717,1
305,1174059000,강동구,암사3동,8.17365890110979,0.003546055922390365,3
306,1174053000,강동구,명일1동,8.210628261635,0.0035269021742418386,2
307,1174069000,강동구,둔촌1동,0.0357663724714653,0.0032514884064968456,10
308,1174056000,강동구,고덕2동,8.447859063754338,0.003721523816631867,2
309,1121571000,광진구,화양동,1.4153390746469534,0.0029122203182036076,10
310,1121581000,광진구,광장동,18.154043100622058,0.0033182312375474427,1
311,1121575000,광진구,중곡2동,4.472692303609136,0.0031993507178892247,6
312,1121584000,광진구,자양3동,8.266551141391146,0.0031348316804668736,2
313,1121583000,광진구,자양2동,5.822544765828961,0.003171320678556079,4
314,1121585000,광진구,구의1동,3.224848132264292,0.0033981539855261244,8
315,1121576000,광진구,중곡3동,2.683868240635065,0.0030672779892972173,8
316,1121578000,광진구,능동,1.897892095558933,0.0036923970730718537,9
317,1121577000,광진구,중곡4동,4.871669828059393,0.0029741574041876636,5
318,1121586000,광진구,구의2동,6.492469793352532,0.0031019922567379512,4
319,1121587000,광진구,구의3동,6.941435294212584,0.0031768582582208625,3
320,1121574000,광진구,중곡1동,2.2567549923062176,0.003304180076583042,9
321,1121573000,광진구,군자동,3.1433564582993627,0.0031591522193963445,8
322,1121582000,광진구,자양1동,4.029013163407761,0.0031950937061124194,7
323,1121584700,광진구,자양4동,2.1614114999112353,0.0028973344502831572,9
324,1156060500,영등포구,문래동,12.875557024562527,0.003871183711534133,1
325,1156054000,영등포구,여의동,10.951493184725848,0.003371765143080618,2
326,1156053500,영등포구,영등포동,3.463395898726788,0.0039046176986773256,7
327,1156062000,영등포구,양평2동,5.98002344302933,0.00401074677600894,4
328,1156056000,영등포구,당산2동,9.272648875824144,0.003764778268706514,2
329,1156071000,영등포구,대림2동,1.5015599080752282,0.0028987643013035293,10
330,1156061000,영등포구,양평1동,4.381875765339132,0.004266675526133527,6
331,1156065000,영등포구,신길3동,3.705405481337617,0.003156222726863388,7
332,1156066000,영등포구,신길4동,1.2772878978508153,0.0027350918583529237,10
333,1156069000,영등포구,신길7동,6.788849820915157,0.0035525116802277118,3
334,1156072000,영등포구,대림3동,3.9568133398649734,0.0030483924035939703,7
335,1156063000,영등포구,신길1동,2.288458857353263,0.0032785943515089727,9
336,1156068000,영등포구,신길6동,3.132409344908224,0.0031930778235557842,8
337,1156051500,영등포구,영등포본동,4.122248345313495,0.0031980204385674903,6
338,1156058500,영등포구,도림동,3.242361436835277,0.003539695891741569,8
339,1156070000,영등포구,대림1동,1.5822642385131533,0.0027047251940395785,10
340,1156055000,영등포구,당산1동,3.495084145763145,0.003644509015394312,7
341,1156067000,영등포구,신길5동,2.3233420211492577,0.0031102302826629957,9
342,1129070500,성북구,종암동,11.453323739429564,0.003315959391844112,1
343,1129058000,성북구,돈암1동,3.090191301127252,0.003080948455759972,8
344,1129061000,성북구,보문동,3.263243638494391,0.0036137803305585723,8
345,1129068500,성북구,길음2동,5.138223927368293,0.0036312536589175218,5
346,1129077000,성북구,장위2동,2.1119114314635534,0.0029372898907698937,9
347,1129076000,성북구,장위1동,3.725752246136685,0.002947588802323327,7
348,1129062000,성북구,정릉1동,5.996892190518751,0.003578097965703312,4
349,1129060000,성북구,안암동,1.5509022395437173,0.002784384631137733,10
350,1129057500,성북구,동선동,2.310458571412503,0.0033006551020178616,9
351,1129055500,성북구,삼선동,5.413863041376327,0.0033710230643688214,5
352,1129072500,성북구,월곡2동,4.382105396382907,0.003182356860118306,6
353,1129078000,성북구,장위3동,5.399290230173172,0.0035545031140047216,5
354,1129064000,성북구,정릉3동,2.0487863657236027,0.002818138054640444,9
355,1129059000,성북구,돈암2동,9.71755387331939,0.0034930100191658485,2
356,1129066000,성북구,길음1동,20.96337731612744,0.003951626261286981,1
357,1129071500,성북구,월곡1동,8.917108107182708,0.0034257042286525963,2
358,1129063000,성북구,정릉2동,5.442585907696633,0.0032338597193681718,5
359,1129065000,성북구,정릉4동,6.66184286460266,0.003324272886528273,4
360,1129052500,성북구,성북동,3.325306059614894,0.0033897105602598305,8
361,1129081000,성북구,석관동,6.768179040723712,0.003213760228263871,3
362,1135062400,노원구,중계4동,5.773532066739411,0.0032417361407857444,4
363,1135071000,노원구,상계9동,6.725331528954838,0.003641219019466615,4
364,1135062500,노원구,중계2.3동,9.342914970123001,0.0034926784935039256,2
365,1135072000,노원구,상계10동,4.189410560548135,0.0037338775049448616,6
366,1135064000,노원구,상계2동,4.462476775936836,0.0032220048923731668,6
367,1135061200,노원구,하계2동,8.472852566605686,0.0035230156202102647,2
368,1135066500,노원구,상계3.4동,5.597118652737252,0.0031233921053221273,4
369,1135070000,노원구,상계8동,10.128013559176111,0.004533578137500497,2
370,1135061900,노원구,중계본동,11.415106211636127,0.0033983644571706243,1
371,1135061100,노원구,하계1동,6.230385708948918,0.0030752150587112135,4
372,1135067000,노원구,상계5동,4.932925348329958,0.003139990673666428,5
373,1135063000,노원구,상계1동,9.560935031446279,0.0032900671133676116,2
374,1135062100,노원구,중계1동,17.296338264883325,0.003810605478053167,1
375,1135058000,노원구,월계3동,8.56017727695657,0.00368179667826089,2
376,1135069500,노원구,상계6.7동,11.122534157675942,0.0037986796986598163,2
377,1135059500,노원구,공릉1동,8.653927300516816,0.0034923031882634448,2
378,1135060000,노원구,공릉2동,13.95550823516657,0.003598635439702571,1
379,1135056000,노원구,월계1동,5.059530647432644,0.003322081843356956,5
380,1135057000,노원구,월계2동,6.730215443982157,0.00337185142484076,4
381,1138063200,은평구,신사2동,4.52131272848905,0.0031052972036325894,6
382,1138057000,은평구,대조동,4.848615929336913,0.0033028718864692866,5
383,1138053000,은평구,불광2동,4.249803203892311,0.0029928191576706416,6
384,1138052000,은평구,불광1동,8.106873011255878,0.0031300667997126944,3
385,1138065000,은평구,수색동,1.2548403839714455,0.002826217081016769,10
386,1138056000,은평구,구산동,7.311556711300662,0.0030515679095578724,3
387,1138051000,은평구,녹번동,8.176508461314466,0.0033927421001304836,3
388,1138062500,은평구,역촌동,11.221456959853423,0.003318975734946295,1
389,1138055100,은평구,갈현1동,3.9225170370068465,0.0030126858963186224,7
390,1138069000,은평구,진관동,24.78969176093121,0.0033572171940589395,1
391,1138058000,은평구,응암1동,6.985234308719695,0.003425813785541783,3
392,1138059000,은평구,응암2동,11.092924257637385,0.003985959129585838,2
393,1138064000,은평구,증산동,2.9990522758361378,0.0029841316177474007,8
394,1138063100,은평구,신사1동,5.913478027087348,0.003243816800377042,4
395,1138055200,은평구,갈현2동,6.509664876103347,0.00322739954194514,4
396,1138060000,은평구,응암3동,3.6988853475985795,0.0029926256857593686,7
397,1154570000,금천구,시흥4동,3.7045354310728826,0.00263855799933966,7
398,1154571000,금천구,시흥5동,2.9322086103651737,0.0025925805573520544,8
399,1154568000,금천구,시흥2동,5.643650361290958,0.002699019780626953,4
400,1154562000,금천구,독산2동,2.8811984030805124,0.002655482399152546,8
401,1154567000,금천구,시흥1동,6.052392535842942,0.0028602989299824867,4
402,1154551000,금천구,가산동,2.1810336379174022,0.0034785225485126033,9
403,1154569000,금천구,시흥3동,1.7113556839348303,0.0026532646262555507,10
404,1154564000,금천구,독산4동,2.1494927448841263,0.0026213326157123493,9
405,1154563000,금천구,독산3동,3.203300783148214,0.0027100683444570336,8
406,1154561000,금천구,독산1동,9.220881069404195,0.0033887839284837172,2
407,1120058000,성동구,응봉동,5.695261080827443,0.0035112583728899153,4
408,1120059000,성동구,금호1가동,4.175865612117203,0.003643861790678188,6
409,1120061500,성동구,금호2.3가동,5.05371778903103,0.0035943938755554974,5
410,1120055000,성동구,사근동,1.0956957266984206,0.0024733537848722815,10
411,1120062000,성동구,금호4가동,4.618471374747986,0.0038648296022995698,6
412,1120056000,성동구,행당1동,3.3450127854336102,0.0033483611465801905,7
413,1120066000,성동구,성수1가2동,3.0622729319985855,0.0036026740376453948,8
414,1120054000,성동구,마장동,4.128264857858052,0.002929925378181726,6
415,1120065000,성동구,성수1가1동,3.5084558493710314,0.003416217964334013,7
416,1120052000,성동구,왕십리2동,4.0064521370856445,0.0034627935497715165,7
417,1120057000,성동구,행당2동,7.190109833296661,0.0034701302284250294,3
418,1120079000,성동구,용답동,1.7072969363080717,0.0030929292324421587,10
419,1120072000,성동구,송정동,1.7730406459707195,0.0031889220251271936,9
420,1120067000,성동구,성수2가1동,2.7491535738918897,0.0031672276196911173,8
421,1120053500,성동구,왕십리도선동,6.841888740104405,0.0034554993636890935,3
422,1120064500,성동구,옥수동,8.163456398710238,0.003818267726244265,3
423,1120069000,성동구,성수2가3동,1.7578955786270962,0.0033043149974193537,9
