,행정동,전체세대수,1인세대,2인세대,3인이상세대,미성년자 자녀를 둔 맞벌이 추정 세대,초등학생 자녀를 둔 맞벌이 추정 세대,3인이상 세대 비율(%),미성년자 자녀를 둔 맞벌이 세대 비율(%),초등학생 자녀를 둔 맞벌이 세대 비율(%)
0,합계,4220082,1608998,867814,1743270,847229,253321,41.3,20.1,6.0
2,사직동,4414,2061,862,1491,725,217,33.8,16.4,4.9
3,삼청동,1414,721,247,446,217,65,31.5,15.3,4.6
4,부암동,4325,1623,908,1794,872,261,41.5,20.2,6.0
5,평창동,7510,2393,1601,3516,1709,511,46.8,22.8,6.8
6,무악동,3024,708,639,1677,815,244,55.5,27.0,8.1
7,교남동,4379,1577,1012,1790,870,260,40.9,19.9,5.9
8,가회동,2085,927,443,715,347,104,34.3,16.6,5.0
9,종로1.2.3.4가동,5378,4217,545,616,299,89,11.5,5.6,1.7
10,종로5·6가동,3174,2064,474,636,309,92,20.0,9.7,2.9
11,이화동,4462,2583,759,1120,544,163,25.1,12.2,3.7
12,창신1동,3050,1778,553,719,349,104,23.6,11.4,3.4
13,창신2동,4280,1959,846,1475,717,214,34.5,16.8,5.0
14,창신3동,2860,816,651,1393,677,202,48.7,23.7,7.1
15,숭인1동,3014,1306,647,1061,516,154,35.2,17.1,5.1
16,숭인2동,5620,3559,896,1165,566,169,20.7,10.1,3.0
17,청운효자동,5452,1945,1103,2404,1168,349,44.1,21.4,6.4
18,혜화동,9153,5302,1414,2437,1184,354,26.6,12.9,3.9
20,소공동,1048,576,192,280,136,41,26.7,13.0,3.9
21,회현동,3281,2240,451,590,287,86,18.0,8.7,2.6
22,명동,1435,930,218,287,139,42,20.0,9.7,2.9
23,필동,2249,1362,378,509,247,74,22.6,11.0,3.3
24,장충동,2628,1580,441,607,295,88,23.1,11.2,3.3
25,광희동,2920,1845,485,590,287,86,20.2,9.8,2.9
26,을지로동,1170,923,120,127,62,19,10.9,5.3,1.6
27,신당5동,4467,2036,906,1525,741,222,34.1,16.6,5.0
28,황학동,6205,3180,1261,1764,857,256,28.4,13.8,4.1
29,중림동,5297,2364,1111,1822,885,265,34.4,16.7,5.0
30,신당동,4368,2569,766,1033,502,150,23.6,11.5,3.4
31,다산동,6863,2913,1594,2356,1145,342,34.3,16.7,5.0
32,약수동,7819,2711,1979,3129,1521,455,40.0,19.5,5.8
33,청구동,6449,2439,1470,2540,1234,369,39.4,19.1,5.7
34,동화동,4213,1177,852,2184,1061,317,51.8,25.2,7.5
36,후암동,8502,3881,1682,2939,1428,427,34.6,16.8,5.0
37,용산2가동,5531,2736,1188,1607,781,234,29.1,14.1,4.2
38,남영동,5460,4145,628,687,334,100,12.6,6.1,1.8
39,원효로2동,6022,1960,1282,2780,1351,404,46.2,22.4,6.7
40,효창동,3892,1355,857,1680,816,244,43.2,21.0,6.3
41,용문동,5251,1783,1198,2270,1103,330,43.2,21.0,6.3
42,이촌1동,10015,2167,2154,5694,2767,827,56.9,27.6,8.3
43,이촌2동,3846,1261,997,1588,772,231,41.3,20.1,6.0
44,이태원1동,3904,2263,699,942,458,137,24.1,11.7,3.5
45,이태원2동,4920,2593,1013,1314,639,191,26.7,13.0,3.9
46,서빙고동,5301,1686,1063,2552,1240,371,48.1,23.4,7.0
47,보광동,7846,3980,1679,2187,1063,318,27.9,13.5,4.1
48,청파동,10549,5839,1931,2779,1351,404,26.3,12.8,3.8
49,원효로1동,6885,3054,1476,2355,1145,342,34.2,16.6,5.0
50,한강로동,8861,4974,1601,2286,1111,332,25.8,12.5,3.7
51,한남동,10881,5841,2272,2768,1345,402,25.4,12.4,3.7
53,왕십리2동,7598,2876,1573,3149,1530,457,41.4,20.1,6.0
54,마장동,10249,4110,2107,4032,1960,586,39.3,19.1,5.7
55,사근동,6578,4314,914,1350,656,196,20.5,10.0,3.0
56,행당1동,6251,2604,1274,2373,1153,345,38.0,18.4,5.5
57,행당2동,9439,2247,2148,5044,2451,733,53.4,26.0,7.8
58,응봉동,6245,1622,1345,3278,1593,476,52.5,25.5,7.6
59,금호1가동,5318,1670,1235,2413,1173,351,45.4,22.1,6.6
60,금호4가동,6040,2031,1406,2603,1265,378,43.1,20.9,6.3
61,성수1가1동,7564,2959,1585,3020,1468,439,39.9,19.4,5.8
62,성수1가2동,7410,3262,1517,2631,1279,382,35.5,17.3,5.2
63,성수2가1동,8638,4032,1713,2893,1406,420,33.5,16.3,4.9
64,성수2가3동,5590,2714,1056,1820,885,265,32.6,15.8,4.7
65,송정동,5491,2587,1124,1780,865,259,32.4,15.8,4.7
66,용답동,8101,4368,1484,2249,1093,327,27.8,13.5,4.0
67,왕십리도선동,11302,3946,2408,4948,2405,719,43.8,21.3,6.4
68,금호2.3가동,10215,3391,2397,4427,2152,643,43.3,21.1,6.3
69,옥수동,10873,3065,2713,5095,2476,740,46.9,22.8,6.8
71,화양동,15031,11378,1893,1760,855,256,11.7,5.7,1.7
72,군자동,10279,5341,2000,2938,1428,427,28.6,13.9,4.2
73,중곡1동,7661,3445,1764,2452,1192,356,32.0,15.6,4.6
74,중곡2동,10111,4092,2227,3792,1843,551,37.5,18.2,5.4
75,중곡3동,8326,3616,1858,2852,1386,414,34.3,16.6,5.0
76,중곡4동,13115,4548,2948,5619,2731,817,42.8,20.8,6.2
77,능동,6031,3207,1254,1570,763,228,26.0,12.7,3.8
78,구의1동,11394,5734,2277,3383,1644,492,29.7,14.4,4.3
79,구의2동,10602,3663,2294,4645,2257,675,43.8,21.3,6.4
80,구의3동,12016,3826,2391,5799,2818,843,48.3,23.5,7.0
81,광장동,11930,2078,1738,8114,3943,1179,68.0,33.1,9.9
82,자양1동,11196,5277,2295,3624,1761,527,32.4,15.7,4.7
83,자양2동,11215,3743,2415,5057,2458,735,45.1,21.9,6.6
84,자양3동,11023,2654,2245,6124,2976,890,55.6,27.0,8.1
85,자양4동,10868,5569,2207,3092,1503,449,28.5,13.8,4.1
87,회기동,5714,3507,843,1364,663,198,23.9,11.6,3.5
88,휘경1동,6852,3799,1210,1843,896,268,26.9,13.1,3.9
89,휘경2동,10986,4724,1986,4276,2078,621,38.9,18.9,5.7
90,청량리동,10518,4723,2303,3492,1697,507,33.2,16.1,4.8
91,용신동,16488,9066,3048,4374,2126,636,26.5,12.9,3.9
92,제기동,12647,6410,2491,3746,1821,544,29.6,14.4,4.3
93,전농1동,13920,6527,2668,4725,2296,687,33.9,16.5,4.9
94,전농2동,7600,1975,1703,3922,1906,570,51.6,25.1,7.5
95,답십리1동,10599,4114,2098,4387,2132,637,41.4,20.1,6.0
96,답십리2동,11996,3862,2770,5364,2607,779,44.7,21.7,6.5
97,장안1동,16969,6688,3497,6784,3297,986,40.0,19.4,5.8
98,장안2동,12507,4024,2593,5890,2863,856,47.1,22.9,6.8
99,이문1동,14425,7916,2589,3920,1905,570,27.2,13.2,4.0
100,이문2동,8717,2755,1864,4098,1992,596,47.0,22.9,6.8
102,면목2동,12243,5174,2683,4386,2132,637,35.8,17.4,5.2
103,면목4동,9446,3868,2103,3475,1689,505,36.8,17.9,5.3
104,면목5동,4708,1903,1084,1721,836,250,36.6,17.8,5.3
105,면목7동,10126,4091,2260,3775,1835,549,37.3,18.1,5.4
106,상봉1동,10069,2890,2191,4988,2424,725,49.5,24.1,7.2
107,상봉2동,9656,5151,1904,2601,1264,378,26.9,13.1,3.9
108,중화1동,8769,2947,2003,3819,1856,555,43.6,21.2,6.3
109,중화2동,14168,6966,3052,4150,2017,603,29.3,14.2,4.3
110,묵1동,14228,4279,3060,6889,3348,1001,48.4,23.5,7.0
111,묵2동,9076,3604,2081,3391,1648,493,37.4,18.2,5.4
112,망우3동,8490,3465,1989,3036,1475,441,35.8,17.4,5.2
113,신내1동,14486,3093,3065,8328,4047,1210,57.5,27.9,8.4
114,신내2동,9037,2507,2148,4382,2130,637,48.5,23.6,7.0
115,면목본동,17314,7829,3843,5642,2742,820,32.6,15.8,4.7
116,면목3.8동,12590,5330,2766,4494,2184,653,35.7,17.3,5.2
117,망우본동,14726,6288,3187,5251,2552,763,35.7,17.3,5.2
119,돈암1동,6414,1741,1487,3186,1548,463,49.7,24.1,7.2
120,돈암2동,8460,1461,1706,5293,2572,769,62.6,30.4,9.1
121,안암동,8602,5284,1371,1947,946,283,22.6,11.0,3.3
122,보문동,7973,3631,1583,2759,1341,401,34.6,16.8,5.0
123,정릉1동,7027,1988,1462,3577,1738,520,50.9,24.7,7.4
124,정릉2동,9653,2890,2194,4569,2221,664,47.3,23.0,6.9
125,정릉3동,7503,3572,1467,2464,1198,358,32.8,16.0,4.8
126,정릉4동,11019,3477,2487,5055,2457,735,45.9,22.3,6.7
127,길음1동,12954,2556,2404,7994,3885,1162,61.7,30.0,9.0
128,길음2동,5160,1988,999,2173,1056,316,42.1,20.5,6.1
129,월곡1동,10741,3051,2287,5403,2626,785,50.3,24.4,7.3
130,월곡2동,8774,3513,1741,3520,1711,512,40.1,19.5,5.8
131,장위1동,8878,3112,2024,3742,1819,544,42.1,20.5,6.1
132,장위2동,7948,3017,1831,3100,1507,451,39.0,19.0,5.7
133,장위3동,5039,1801,1045,2193,1066,319,43.5,21.2,6.3
134,성북동,8001,3598,1650,2753,1338,400,34.4,16.7,5.0
135,삼선동,12490,5799,2417,4274,2077,621,34.2,16.6,5.0
136,동선동,8800,5307,1462,2031,987,295,23.1,11.2,3.4
137,종암동,16964,5992,3403,7569,3679,1100,44.6,21.7,6.5
138,석관동,14712,5587,3261,5864,2850,852,39.9,19.4,5.8
140,번1동,9886,4927,2087,2872,1396,417,29.1,14.1,4.2
141,번2동,7565,2466,2027,3072,1493,446,40.6,19.7,5.9
142,번3동,7621,2025,2079,3517,1709,511,46.1,22.4,6.7
143,수유1동,10195,4363,2191,3641,1770,529,35.7,17.4,5.2
144,수유2동,9365,3064,2322,3979,1934,578,42.5,20.7,6.2
145,수유3동,12026,5939,2541,3546,1723,515,29.5,14.3,4.3
146,삼양동,12596,4753,2867,4976,2418,723,39.5,19.2,5.7
147,미아동,11082,5127,2456,3499,1701,509,31.6,15.3,4.6
148,송중동,13090,5285,2829,4976,2418,723,38.0,18.5,5.5
149,송천동,13765,5972,3049,4744,2306,689,34.5,16.8,5.0
150,삼각산동,11888,2531,2354,7003,3403,1017,58.9,28.6,8.6
151,우이동,9288,3229,2269,3790,1842,551,40.8,19.8,5.9
152,인수동,14166,5064,3463,5639,2741,820,39.8,19.3,5.8
154,쌍문1동,9011,2869,2131,4011,1949,583,44.5,21.6,6.5
155,쌍문2동,8550,2817,2070,3663,1780,532,42.8,20.8,6.2
156,쌍문3동,7606,2856,1789,2961,1439,430,38.9,18.9,5.7
157,쌍문4동,7188,1483,1424,4281,2081,622,59.6,29.0,8.7
158,방학1동,12550,4189,2860,5501,2673,799,43.8,21.3,6.4
159,방학2동,9625,3498,2308,3819,1856,555,39.7,19.3,5.8
160,방학3동,10183,1721,2222,6240,3033,907,61.3,29.8,8.9
161,창1동,10904,3312,2475,5117,2487,744,46.9,22.8,6.8
162,창2동,12330,3445,2924,5961,2897,866,48.3,23.5,7.0
163,창3동,6639,2417,1608,2614,1270,380,39.4,19.1,5.7
164,창4동,10552,2553,2178,5821,2829,846,55.2,26.8,8.0
165,창5동,9877,2466,2176,5235,2544,761,53.0,25.8,7.7
166,도봉1동,10314,3868,2668,3778,1836,549,36.6,17.8,5.3
167,도봉2동,12049,3800,2977,5272,2562,766,43.8,21.3,6.4
169,월계1동,10335,4102,2098,4135,2010,601,40.0,19.4,5.8
170,월계2동,11288,3601,2864,4823,2344,701,42.7,20.8,6.2
171,월계3동,13080,3468,3349,6263,3044,910,47.9,23.3,7.0
172,공릉2동,16076,5001,2927,8148,3960,1184,50.7,24.6,7.4
173,하계1동,11858,4107,2280,5471,2659,795,46.1,22.4,6.7
174,하계2동,8387,1518,1686,5183,2519,753,61.8,30.0,9.0
175,중계본동,9314,2113,1385,5816,2827,845,62.4,30.4,9.1
176,중계1동,9169,1383,1270,6516,3167,947,71.1,34.5,10.3
177,중계4동,8406,2255,1898,4253,2067,618,50.6,24.6,7.4
178,상계1동,15710,4255,3439,8016,3896,1165,51.0,24.8,7.4
179,상계2동,8726,2940,1651,4135,2010,601,47.4,23.0,6.9
180,상계5동,11254,3830,2587,4837,2351,703,43.0,20.9,6.2
181,상계8동,9316,2021,2138,5157,2506,749,55.4,26.9,8.0
182,상계9동,8572,1995,2033,4544,2208,660,53.0,25.8,7.7
183,상계10동,6719,1673,1633,3413,1659,496,50.8,24.7,7.4
184,상계3.4동,12068,4615,2787,4666,2268,678,38.7,18.8,5.6
185,상계6.7동,14049,3979,3068,7002,3403,1017,49.8,24.2,7.2
186,중계2.3동,15536,4538,3821,7177,3488,1043,46.2,22.5,6.7
187,공릉1동,17756,7416,3678,6662,3238,968,37.5,18.2,5.5
189,녹번동,14595,5809,3270,5516,2681,802,37.8,18.4,5.5
190,불광1동,17661,6000,4036,7625,3706,1108,43.2,21.0,6.3
191,갈현1동,11075,4186,2558,4331,2105,629,39.1,19.0,5.7
192,갈현2동,12386,3853,2882,5651,2746,821,45.6,22.2,6.6
193,구산동,12551,3515,2877,6159,2993,895,49.1,23.8,7.1
194,대조동,15743,7174,3410,5159,2507,750,32.8,15.9,4.8
195,응암1동,11227,4448,2388,4391,2134,638,39.1,19.0,5.7
196,응암2동,8507,2550,1870,4087,1986,594,48.0,23.3,7.0
197,신사1동,11196,3374,2583,5239,2546,761,46.8,22.7,6.8
198,신사2동,8960,2852,2074,4034,1961,586,45.0,21.9,6.5
199,증산동,6979,2367,1621,2991,1454,435,42.9,20.8,6.2
200,수색동,5903,2144,1379,2380,1157,346,40.3,19.6,5.9
201,진관동,19521,4758,3604,11159,5423,1621,57.2,27.8,8.3
202,불광2동,13576,5462,3188,4926,2394,716,36.3,17.6,5.3
203,응암3동,12362,5426,2775,4161,2022,605,33.7,16.4,4.9
204,역촌동,20597,6780,4677,9140,4442,1328,44.4,21.6,6.4
206,천연동,8331,3281,1684,3366,1636,489,40.4,19.6,5.9
207,홍제1동,9885,3259,2302,4324,2101,628,43.7,21.3,6.4
208,홍제3동,7241,2620,1638,2983,1450,434,41.2,20.0,6.0
209,홍제2동,5849,1619,1417,2813,1367,409,48.1,23.4,7.0
210,홍은1동,9425,3197,2036,4192,2037,609,44.5,21.6,6.5
211,홍은2동,12550,4596,2788,5166,2511,751,41.2,20.0,6.0
212,남가좌1동,6030,1436,1125,3469,1686,504,57.5,28.0,8.4
213,남가좌2동,10141,4151,2174,3816,1855,555,37.6,18.3,5.5
214,북가좌1동,7047,1486,1598,3963,1926,576,56.2,27.3,8.2
215,북가좌2동,14674,5176,3412,6086,2958,884,41.5,20.2,6.0
216,충현동,8790,4260,1647,2883,1401,419,32.8,15.9,4.8
217,북아현동,7493,2757,1690,3046,1480,443,40.7,19.8,5.9
218,신촌동,11307,8049,1454,1804,877,262,16.0,7.8,2.3
219,연희동,18503,9230,3493,5780,2809,840,31.2,15.2,4.5
221,용강동,9021,3040,1896,4085,1985,594,45.3,22.0,6.6
222,대흥동,7168,4622,1191,1355,659,197,18.9,9.2,2.7
223,염리동,5051,2403,1030,1618,786,235,32.0,15.6,4.7
224,신수동,9179,3471,1857,3851,1872,560,42.0,20.4,6.1
225,서교동,14014,8379,2440,3195,1553,464,22.8,11.1,3.3
226,합정동,9563,4761,2095,2707,1316,393,28.3,13.8,4.1
227,망원1동,10245,4706,2248,3291,1599,478,32.1,15.6,4.7
228,망원2동,8205,2759,1890,3556,1728,517,43.3,21.1,6.3
229,연남동,8739,4604,1842,2293,1114,333,26.2,12.7,3.8
230,성산1동,9257,4017,1909,3331,1619,484,36.0,17.5,5.2
231,성산2동,17048,6178,3604,7266,3531,1056,42.6,20.7,6.2
232,상암동,12274,3524,2362,6388,3105,928,52.0,25.3,7.6
233,도화동,9635,3530,2032,4073,1979,592,42.3,20.5,6.1
234,서강동,11599,5098,2190,4311,2095,626,37.2,18.1,5.4
235,공덕동,18232,7674,3870,6688,3250,972,36.7,17.8,5.3
236,아현동,10178,3183,2234,4761,2314,692,46.8,22.7,6.8
238,목1동,10548,1592,1653,7303,3549,1061,69.2,33.6,10.1
239,목2동,12802,4119,2728,5955,2894,865,46.5,22.6,6.8
240,목3동,9223,3182,2032,4009,1948,582,43.5,21.1,6.3
241,목4동,10013,2666,1801,5546,2695,806,55.4,26.9,8.0
242,신월1동,10192,4141,2280,3771,1833,548,37.0,18.0,5.4
243,신월2동,8735,2301,1977,4457,2166,648,51.0,24.8,7.4
244,신월3동,8254,3765,1785,2704,1314,393,32.8,15.9,4.8
245,신월4동,6887,1372,1511,4004,1946,582,58.1,28.3,8.5
246,신월5동,6379,1976,1421,2982,1449,433,46.7,22.7,6.8
247,신월6동,2687,766,557,1364,663,198,50.8,24.7,7.4
248,신월7동,9396,2778,2405,4213,2048,612,44.8,21.8,6.5
249,신정1동,7251,1393,1162,4696,2282,682,64.8,31.5,9.4
250,신정2동,7238,1560,1223,4455,2165,647,61.6,29.9,8.9
251,신정3동,18218,4250,3880,10088,4903,1466,55.4,26.9,8.0
252,신정6동,8161,994,1336,5831,2834,847,71.4,34.7,10.4
253,신정7동,11271,2706,2411,6154,2991,894,54.6,26.5,7.9
254,목5동,13619,1650,1935,10034,4877,1458,73.7,35.8,10.7
255,신정4동,15775,6168,3492,6115,2972,889,38.8,18.8,5.6
257,염창동,14113,2766,2577,8770,4262,1274,62.1,30.2,9.0
258,등촌1동,11502,5777,2096,3629,1764,527,31.6,15.3,4.6
259,등촌2동,8426,2237,1878,4311,2095,626,51.2,24.9,7.4
260,등촌3동,14704,5017,3834,5853,2845,851,39.8,19.3,5.8
261,화곡본동,15872,6066,3563,6243,3034,907,39.3,19.1,5.7
262,화곡2동,8263,2675,1927,3661,1779,532,44.3,21.5,6.4
263,화곡3동,9084,2854,1976,4254,2067,618,46.8,22.8,6.8
264,화곡4동,9854,3558,2318,3978,1933,578,40.4,19.6,5.9
265,화곡6동,10805,4205,2255,4345,2112,631,40.2,19.5,5.8
266,화곡8동,11418,3970,2830,4618,2244,671,40.4,19.7,5.9
267,가양1동,17055,9934,2402,4719,2293,686,27.7,13.4,4.0
268,가양2동,8064,3607,2174,2283,1110,332,28.3,13.8,4.1
269,가양3동,7717,2796,2307,2614,1270,380,33.9,16.5,4.9
270,발산1동,13436,2484,2751,8201,3986,1192,61.0,29.7,8.9
271,공항동,12381,5136,2556,4689,2279,681,37.9,18.4,5.5
272,방화1동,17255,4567,3559,9129,4437,1327,52.9,25.7,7.7
273,방화2동,11418,5080,2473,3865,1878,562,33.9,16.4,4.9
274,방화3동,11234,4270,2728,4236,2059,616,37.7,18.3,5.5
275,화곡1동,25214,10939,5656,8619,4189,1253,34.2,16.6,5.0
276,우장산동,16442,3657,3054,9731,4729,1414,59.2,28.8,8.6
278,신도림동,13263,2694,2759,7810,3796,1135,58.9,28.6,8.6
279,구로1동,7853,1656,1676,4521,2197,657,57.6,28.0,8.4
280,구로3동,13638,7783,2168,3687,1792,536,27.0,13.1,3.9
281,구로4동,10848,4846,2537,3465,1684,504,31.9,15.5,4.6
282,구로5동,14270,6401,2785,5084,2471,739,35.6,17.3,5.2
283,고척1동,9510,2726,2060,4724,2296,687,49.7,24.1,7.2
284,고척2동,11735,3572,2560,5603,2723,814,47.7,23.2,6.9
285,개봉2동,12789,3145,3090,6554,3185,952,51.2,24.9,7.4
286,개봉3동,8643,2403,2096,4144,2014,602,47.9,23.3,7.0
287,오류1동,9619,4194,1999,3426,1665,498,35.6,17.3,5.2
288,오류2동,16677,4309,3787,8581,4170,1247,51.5,25.0,7.5
289,수궁동,9790,2568,2355,4867,2365,707,49.7,24.2,7.2
290,가리봉동,5957,3781,1061,1115,542,162,18.7,9.1,2.7
291,구로2동,13002,6010,2876,4116,2000,598,31.7,15.4,4.6
292,개봉1동,13976,4581,3245,6150,2989,894,44.0,21.4,6.4
294,가산동,12169,8244,1686,2239,1088,325,18.4,8.9,2.7
295,독산1동,17229,7964,3208,6057,2944,880,35.2,17.1,5.1
296,독산2동,9485,3893,2115,3477,1690,505,36.7,17.8,5.3
297,독산3동,12125,5285,2657,4183,2033,608,34.5,16.8,5.0
298,독산4동,7677,3131,1706,2840,1380,413,37.0,18.0,5.4
299,시흥1동,15406,5932,3403,6071,2951,882,39.4,19.2,5.7
300,시흥2동,8548,1922,1980,4646,2258,675,54.4,26.4,7.9
301,시흥3동,4782,1415,1160,2207,1073,321,46.2,22.4,6.7
302,시흥4동,9211,3025,2123,4063,1975,591,44.1,21.4,6.4
303,시흥5동,9434,3685,2202,3547,1724,515,37.6,18.3,5.5
305,여의동,12583,3242,2761,6580,3198,956,52.3,25.4,7.6
306,당산1동,10038,4813,2008,3217,1563,467,32.0,15.6,4.7
307,당산2동,16539,7936,2721,5882,2859,855,35.6,17.3,5.2
308,양평1동,7994,3578,1704,2712,1318,394,33.9,16.5,4.9
309,양평2동,9580,3649,1866,4065,1976,591,42.4,20.6,6.2
310,신길1동,9817,5431,1875,2511,1220,365,25.6,12.4,3.7
311,신길3동,7036,2711,1422,2903,1411,422,41.3,20.1,6.0
312,신길4동,4370,1792,986,1592,774,231,36.4,17.7,5.3
313,신길5동,4919,2059,1065,1795,872,261,36.5,17.7,5.3
314,신길6동,8182,3299,1712,3171,1541,461,38.8,18.8,5.6
315,신길7동,6558,1927,1279,3352,1629,487,51.1,24.8,7.4
316,대림1동,6310,2767,1370,2173,1056,316,34.4,16.7,5.0
317,대림2동,6488,3077,1503,1908,927,277,29.4,14.3,4.3
318,대림3동,10655,3842,2376,4437,2156,645,41.6,20.2,6.1
319,영등포본동,10176,4275,1990,3911,1901,568,38.4,18.7,5.6
320,영등포동,14687,10290,1865,2532,1231,368,17.2,8.4,2.5
321,도림동,9285,4249,2052,2984,1450,434,32.1,15.6,4.7
322,문래동,12138,3441,2565,6132,2980,891,50.5,24.6,7.3
324,노량진2동,7128,3806,1426,1896,921,275,26.6,12.9,3.9
325,상도1동,20914,9058,3777,8079,3926,1174,38.6,18.8,5.6
326,상도2동,11792,4640,2411,4741,2304,689,40.2,19.5,5.8
327,상도3동,11354,4444,2493,4417,2147,642,38.9,18.9,5.7
328,상도4동,12756,4502,2964,5290,2571,769,41.5,20.2,6.0
329,사당1동,12123,6396,2478,3249,1579,472,26.8,13.0,3.9
330,사당3동,9991,3248,2225,4518,2196,657,45.2,22.0,6.6
331,사당4동,6602,2638,1469,2495,1213,363,37.8,18.4,5.5
332,사당5동,5668,2133,1202,2333,1134,339,41.2,20.0,6.0
333,대방동,16511,6059,3074,7378,3586,1072,44.7,21.7,6.5
334,신대방1동,9878,3339,1924,4615,2243,671,46.7,22.7,6.8
335,신대방2동,8741,3486,1599,3656,1777,531,41.8,20.3,6.1
336,흑석동,13453,5235,2729,5489,2668,798,40.8,19.8,5.9
337,노량진1동,14359,5885,2975,5499,2673,799,38.3,18.6,5.6
338,사당2동,11725,3828,2784,5113,2485,743,43.6,21.2,6.3
340,보라매동,11662,5017,2520,4125,2005,599,35.4,17.2,5.1
341,청림동,6600,1931,1528,3141,1527,457,47.6,23.1,6.9
342,행운동,16328,9561,2809,3958,1924,575,24.2,11.8,3.5
343,낙성대동,10304,6910,1462,1932,939,281,18.8,9.1,2.7
344,중앙동,8575,5237,1465,1873,910,272,21.8,10.6,3.2
345,인헌동,13732,7031,2607,4094,1990,595,29.8,14.5,4.3
346,남현동,8924,4205,1759,2960,1439,430,33.2,16.1,4.8
347,서원동,12701,7420,2397,2884,1402,419,22.7,11.0,3.3
348,신원동,9882,5219,2134,2529,1229,367,25.6,12.4,3.7
349,서림동,14109,8876,2186,3047,1481,443,21.6,10.5,3.1
350,신사동,12422,6982,2290,3150,1531,458,25.4,12.3,3.7
351,신림동,15225,11977,1922,1326,644,193,8.7,4.2,1.3
352,난향동,6429,1757,1454,3218,1564,468,50.1,24.3,7.3
353,조원동,9865,5803,1750,2312,1124,336,23.4,11.4,3.4
354,대학동,15065,10830,1739,2496,1213,363,16.6,8.1,2.4
355,은천동,15204,5741,3322,6141,2985,893,40.4,19.6,5.9
356,성현동,12898,3606,2986,6306,3065,916,48.9,23.8,7.1
357,청룡동,17063,11492,2435,3136,1524,456,18.4,8.9,2.7
358,난곡동,12873,4814,2985,5074,2466,737,39.4,19.2,5.7
359,삼성동,11559,4367,2651,4541,2207,660,39.3,19.1,5.7
360,미성동,13932,5074,3030,5828,2832,847,41.8,20.3,6.1
362,서초1동,9035,3609,1678,3748,1822,545,41.5,20.2,6.0
363,서초2동,7216,3047,1253,2916,1417,424,40.4,19.6,5.9
364,서초3동,12541,4727,2442,5372,2611,781,42.8,20.8,6.2
365,서초4동,10553,2070,1830,6653,3233,967,63.0,30.6,9.2
366,잠원동,13837,4489,2621,6727,3269,977,48.6,23.6,7.1
367,반포본동,4235,702,775,2758,1340,401,65.1,31.6,9.5
368,반포1동,12906,6122,1970,4814,2340,700,37.3,18.1,5.4
369,반포2동,7878,1169,1413,5296,2574,770,67.2,32.7,9.8
370,반포3동,6453,1248,1199,4006,1947,582,62.1,30.2,9.0
371,반포4동,7327,1844,1494,3989,1939,580,54.4,26.5,7.9
372,방배본동,7852,2065,1447,4340,2109,631,55.3,26.9,8.0
373,방배1동,7366,2742,1600,3024,1470,440,41.1,20.0,6.0
374,방배2동,11088,3720,2506,4862,2363,707,43.8,21.3,6.4
375,방배3동,8567,2376,1823,4368,2123,635,51.0,24.8,7.4
376,방배4동,10370,3429,2046,4895,2379,711,47.2,22.9,6.9
377,양재1동,18225,5673,3831,8721,4238,1267,47.9,23.3,7.0
378,양재2동,10947,4975,2228,3744,1820,544,34.2,16.6,5.0
379,내곡동,7198,1966,1673,3559,1730,517,49.4,24.0,7.2
381,신사동,7633,2961,1543,3129,1521,455,41.0,19.9,6.0
382,논현1동,14090,9048,2408,2634,1280,383,18.7,9.1,2.7
383,논현2동,11146,5681,2102,3363,1634,489,30.2,14.7,4.4
384,삼성1동,5811,1846,1148,2817,1369,409,48.5,23.6,7.0
385,삼성2동,12815,5476,2084,5255,2554,764,41.0,19.9,6.0
386,대치1동,7374,596,881,5897,2866,857,80.0,38.9,11.6
387,대치4동,10080,5112,1623,3345,1626,486,33.2,16.1,4.8
388,역삼1동,22689,15778,3352,3559,1730,517,15.7,7.6,2.3
389,역삼2동,14910,5779,2198,6933,3369,1007,46.5,22.6,6.8
390,도곡1동,8491,2434,1476,4581,2226,666,54.0,26.2,7.8
391,도곡2동,11943,2242,2261,7440,3616,1081,62.3,30.3,9.1
392,개포1동,7925,2348,1780,3797,1845,552,47.9,23.3,7.0
393,개포4동,7735,2962,1441,3332,1619,484,43.1,20.9,6.3
394,일원본동,8321,1521,1417,5383,2616,782,64.7,31.4,9.4
395,일원1동,7496,2937,1683,2876,1398,418,38.4,18.6,5.6
396,일원2동,6589,1985,1507,3097,1505,450,47.0,22.8,6.8
397,수서동,7864,3065,2272,2527,1228,367,32.1,15.6,4.7
398,세곡동,16878,4981,3431,8466,4114,1230,50.2,24.4,7.3
399,압구정동,10677,2943,2292,5442,2645,791,51.0,24.8,7.4
400,청담동,12155,4260,2290,5605,2724,814,46.1,22.4,6.7
401,대치2동,13659,2463,2029,9167,4455,1332,67.1,32.6,9.8
402,개포2동,5331,1402,896,3033,1474,441,56.9,27.6,8.3
404,풍납1동,6988,2600,1599,2789,1355,405,39.9,19.4,5.8
405,풍납2동,10269,3521,1978,4770,2318,693,46.5,22.6,6.7
406,거여1동,5274,1650,1105,2519,1224,366,47.8,23.2,6.9
407,거여2동,7335,2430,1702,3203,1557,466,43.7,21.2,6.4
408,마천1동,9350,3533,2034,3783,1839,550,40.5,19.7,5.9
409,마천2동,8549,2900,1998,3651,1774,530,42.7,20.8,6.2
410,방이1동,6172,1676,1188,3308,1608,481,53.6,26.1,7.8
411,방이2동,12426,6094,2440,3892,1892,566,31.3,15.2,4.6
412,오륜동,6039,636,978,4425,2151,643,73.3,35.6,10.6
413,오금동,14304,3789,3024,7491,3641,1089,52.4,25.5,7.6
414,송파1동,12004,5291,2458,4255,2068,618,35.4,17.2,5.1
415,송파2동,7298,1411,1414,4473,2174,650,61.3,29.8,8.9
416,석촌동,16150,7494,3263,5393,2621,784,33.4,16.2,4.9
417,삼전동,16048,7666,3098,5284,2568,768,32.9,16.0,4.8
418,가락본동,11435,3993,2221,5221,2537,759,45.7,22.2,6.6
419,가락1동,365,143,53,169,82,25,46.3,22.5,6.8
420,가락2동,12172,2662,2308,7202,3500,1046,59.2,28.8,8.6
421,문정1동,8390,2545,1735,4110,1997,597,49.0,23.8,7.1
422,문정2동,13005,6139,2566,4300,2090,625,33.1,16.1,4.8
423,장지동,13343,3510,2996,6837,3323,994,51.2,24.9,7.4
424,위례동,8953,1124,1653,6176,3002,898,69.0,33.5,10.0
425,잠실본동,14373,7071,2822,4480,2177,651,31.2,15.1,4.5
426,잠실4동,10425,1778,2089,6558,3187,953,62.9,30.6,9.1
427,잠실6동,5887,952,1245,3690,1793,536,62.7,30.5,9.1
428,잠실7동,3507,513,773,2221,1079,323,63.3,30.8,9.2
429,잠실2동,12066,1968,1774,8324,4045,1209,69.0,33.5,10.0
430,잠실3동,12501,2138,2464,7899,3839,1148,63.2,30.7,9.2
432,강일동,11348,2202,2398,6748,3280,981,59.5,28.9,8.6
433,상일동,3759,1088,770,1901,924,276,50.6,24.6,7.3
434,명일1동,8192,1998,1572,4622,2246,672,56.4,27.4,8.2
435,명일2동,5902,947,987,3968,1928,576,67.2,32.7,9.8
436,고덕1동,9115,1516,1623,5976,2904,868,65.6,31.9,9.5
437,고덕2동,3634,1501,810,1323,643,192,36.4,17.7,5.3
438,암사2동,5908,1770,1273,2865,1392,416,48.5,23.6,7.0
439,암사3동,6277,988,1179,4110,1997,597,65.5,31.8,9.5
440,천호1동,12886,4911,2900,5075,2466,737,39.4,19.1,5.7
441,천호3동,13104,5922,2783,4399,2138,639,33.6,16.3,4.9
442,성내1동,8151,2245,1820,4086,1986,594,50.1,24.4,7.3
443,성내2동,12180,5568,2667,3945,1917,573,32.4,15.7,4.7
444,성내3동,10221,3638,2152,4431,2153,644,43.4,21.1,6.3
445,둔촌1동,888,382,169,337,164,49,38.0,18.5,5.5
446,둔촌2동,11126,3249,2275,5602,2723,814,50.4,24.5,7.3
447,암사1동,16345,6031,3583,6731,3271,978,41.2,20.0,6.0
448,천호2동,17305,7991,3691,5623,2733,817,32.5,15.8,4.7
449,길동,21066,7643,4375,9048,4397,1315,43.0,20.9,6.2
