행정동코드,행정동,0509세,1014세,0514세,시군구명,키움센터_상시돌봄정원,키움센터_일시돌봄정원,키움센터_개수,초등돌봄교실_이용인원,초등돌봄교실_교실개수,지역아동센터_정원,지역아동센터_개수,방과후아카데미_정원,방과후아카데미_개수,총시설수,tfidf,돌봄교실이용비율,tfidf*이용비율,행정동별0514세/전체0514세,tfidf*이용비율*인구비율,정원 및 이용비율,tfidf*정원 및 이용비율*인구비율
1165065100,양재1동,2808,2337,5145,서초구,20.0,4.0,1.0,498.0,21.0,65.0,2.0,0.0,0.0,24.0,1.3352687934927177,0.011401359921243618,0.015223880106215192,0.007055251740158301,0.00010740830661133608,90.00005840098113,0.8478597232738111
1153078000,오류제2동,2428,2079,4507,구로구,34.0,7.0,1.0,361.0,17.0,54.0,2.0,0.0,0.0,20.0,1.1216257865338828,0.008264841228050093,0.009270059042989347,0.006180373098715931,5.7292423532799706e-05,96.00005840098113,0.6654787252797764
1150063000,방화제1동,2749,2221,4970,강서구,20.0,0.0,1.0,293.0,12.0,74.0,3.0,0.0,0.0,16.0,0.9079827795750479,0.006708029029968635,0.006090774844101034,0.006815277191173324,4.151031887157404e-05,95.00005840098113,0.5878750225178022
1138069000,진관동,3294,4090,7384,은평구,20.0,4.0,1.0,464.0,21.0,19.0,1.0,0.0,0.0,23.0,1.2818580417530088,0.01062295382220289,0.013617118784161636,0.01012555468402894,0.0001378808808879463,44.00005840098114,0.5710998007699418
1138062500,역촌동,1694,1687,3381,은평구,20.0,4.0,1.0,134.0,6.0,152.0,4.0,0.0,0.0,11.0,0.6409290208765044,0.0030678358021016964,0.0019662649968509257,0.0046363082863897405,9.116210698138043e-06,177.00005840098115,0.5259635554356159
1135063000,상계1동,1401,1505,2906,노원구,61.0,12.0,2.0,165.0,8.0,88.0,4.0,0.0,0.0,14.0,0.8011612760956306,0.0037775590100505964,0.0030264339970186827,0.003984948796287662,1.2060184513463658e-05,162.00005840098115,0.517199225825344
1174068500,길동,1422,1357,2779,강동구,0.0,0.0,0.0,255.0,13.0,129.0,5.0,0.0,0.0,18.0,1.0148042830544655,0.005838045742805467,0.005924473824466876,0.0038107958378814223,2.2576960191915804e-05,130.00005840098115,0.5027377778056372
1168070000,세곡동,3120,2490,5610,강남구,25.0,5.0,1.0,458.0,21.0,19.0,1.0,0.0,0.0,23.0,1.2818580417530088,0.010485588040019232,0.013441035351607821,0.007692898398889809,0.00010340051933580513,50.00005840098114,0.49306075975425734
1154561000,독산제1동,1618,1103,2721,금천구,0.0,0.0,0.0,341.0,15.0,113.0,4.0,0.0,0.0,19.0,1.0682150347941741,0.007806955287437899,0.008339507014007036,0.003731261415932116,3.111688074925971e-05,114.00005840098113,0.45438024070407357
1135069500,상계6.7동,1465,1463,2928,노원구,88.0,17.0,3.0,242.0,10.0,29.0,1.0,0.0,0.0,14.0,0.8011612760956306,0.005540419881407541,0.004438769862294068,0.004015117025302916,1.7822180445498394e-05,135.00005840098115,0.4342622856164947
1135059500,공릉1동,1263,1215,2478,노원구,23.0,4.0,1.0,239.0,10.0,118.0,4.0,0.0,0.0,15.0,0.8545720278353393,0.005471736990315713,0.004675993375595735,0.0033980396136272634,1.5889210723332975e-05,146.00005840098115,0.4239651316680444
1144074000,상암동,1735,2295,4030,마포구,0.0,0.0,0.0,234.0,13.0,79.0,2.0,0.0,0.0,15.0,0.8545720278353393,0.005357265505162664,0.004578169246399171,0.005526271042339738,2.530020413330608e-05,80.00005840098113,0.3778080078858766
1144073000,성산제2동,1530,1648,3178,마포구,25.0,5.0,1.0,183.0,10.0,39.0,1.0,30.0,1.0,13.0,0.7477505243559218,0.00418965635660157,0.0031328177375199453,0.004357937809567169,1.3652624868820843e-05,100.00005840098113,0.32586521852980843
1126068000,신내1동,2247,2011,4258,중랑구,22.0,4.0,1.0,269.0,13.0,35.0,1.0,0.0,0.0,15.0,0.8545720278353393,0.006158565901234003,0.0052629381507751155,0.005838923597588736,3.0729893761210843e-05,62.00005840098114,0.3093666997164484
1154571000,시흥제5동,545,586,1131,금천구,0.0,0.0,0.0,176.0,9.0,236.0,5.0,0.0,0.0,14.0,0.8011612760956306,0.0040293962773873026,0.003228196263486595,0.001550921228011475,5.006678113228685e-06,237.00005840098115,0.29448158571276184
1129066000,길음제1동,2646,2659,5305,성북구,0.0,0.0,0.0,290.0,13.0,49.0,1.0,0.0,0.0,14.0,0.8011612760956306,0.006639346138876806,0.0053191870250631395,0.0072746570420874224,3.869526135005561e-05,50.00005840098114,0.291409016320893
1174051500,강일동,1670,2467,4137,강동구,0.0,0.0,0.0,263.0,13.0,19.0,1.0,40.0,1.0,15.0,0.8545720278353393,0.006021200119050344,0.005145549195739239,0.005672998338004838,2.9190692035550833e-05,60.00005840098114,0.29087942474403927
1171057000,오금동,1491,1429,2920,송파구,0.0,0.0,0.0,211.0,10.0,91.0,3.0,0.0,0.0,13.0,0.7477505243559218,0.004830696673458641,0.003612155970583106,0.00400414676020646,1.4463602626970767e-05,92.00005840098113,0.27545763609644847
1147058000,신월3동,539,496,1035,양천구,0.0,0.0,0.0,81.0,4.0,268.0,6.0,20.0,1.0,11.0,0.6409290208765044,0.0018544380594793836,0.0011885631697382461,0.0014192780468540022,1.6869016141086998e-06,289.0000584009811,0.2628907784231892
1168072000,일원본동,1545,1815,3360,강남구,45.0,3.0,1.0,160.0,9.0,0.0,0.0,40.0,1.0,11.0,0.6409290208765044,0.003663087524897548,0.0023477791007175232,0.004607511340511543,1.081741883157198e-05,89.00005840098113,0.26282498062470033
1154567000,시흥제1동,1071,1045,2116,금천구,0.0,0.0,0.0,169.0,8.0,115.0,4.0,0.0,0.0,12.0,0.6943397726162132,0.0038691361981730353,0.0026864951480606246,0.0029016351180126266,7.795228665983239e-06,116.00005840098113,0.23370771515617203
1138056000,구산동,1132,1264,2396,은평구,0.0,0.0,0.0,182.0,8.0,108.0,3.0,0.0,0.0,11.0,0.6409290208765044,0.004166762059570961,0.002670598727066183,0.003285594396388589,8.77450421265115e-06,109.00005840098113,0.2295358981254404
1126056500,면목본동,900,877,1777,중랑구,0.0,0.0,0.0,245.0,10.0,116.0,4.0,0.0,0.0,14.0,0.8011612760956306,0.00560910277249937,0.004493795934967135,0.0024367701345503015,1.0950347725091463e-05,117.00005840098113,0.22841288086719502
1159053000,상도제1동,1719,1565,3284,동작구,0.0,0.0,0.0,252.0,11.0,64.0,2.0,0.0,0.0,13.0,0.7477505243559218,0.005769362851713638,0.004314044097568449,0.004503293822095211,1.9427408132826308e-05,65.00005840098113,0.21887731724800932
1159060500,흑석동,1311,1002,2313,동작구,0.0,0.0,0.0,216.0,10.0,84.0,4.0,0.0,0.0,14.0,0.8011612760956306,0.0049451681586116895,0.003961877232460821,0.003171777896012857,1.2566194632635825e-05,85.00005840098113,0.21599412666929563
1135058000,월계3동,1262,1063,2325,노원구,24.0,4.0,1.0,198.0,9.0,64.0,2.0,0.0,0.0,12.0,0.6943397726162132,0.004533070812060716,0.0031474913568994302,0.0031882332936575414,1.0034936735566115e-05,93.00005840098113,0.2058758270386577
1135061900,중계본동,1238,2121,3359,노원구,40.0,8.0,1.0,106.0,4.0,54.0,2.0,0.0,0.0,7.0,0.4272860139176696,0.0024267954852446256,0.001036935769483573,0.004606140057374486,4.7762713847427216e-06,103.00005840098113,0.20271845508145292
1129070500,종암동,1666,1788,3454,성북구,0.0,0.0,0.0,156.0,7.0,79.0,2.0,0.0,0.0,9.0,0.5341075173970871,0.0035715103367751095,0.001907570519332988,0.004736411955394902,9.035039813527626e-06,80.00005840098113,0.202380406209339
1135070000,상계8동,1206,1028,2234,노원구,48.0,10.0,2.0,243.0,11.0,23.0,1.0,0.0,0.0,14.0,0.8011612760956306,0.005563314178438151,0.0044571118865184235,0.0030634465281853536,1.3654123934488536e-05,82.00005840098113,0.2012539511756682
1138055200,갈현제2동,955,1062,2017,은평구,20.0,4.0,1.0,96.0,5.0,109.0,3.0,0.0,0.0,9.0,0.5341075173970871,0.002197852514938529,0.001173889550358762,0.002765878087443983,3.24683538441677e-06,134.00005840098115,0.1979551076212171
1132066000,쌍문제1동,716,708,1424,도봉구,0.0,0.0,0.0,281.0,13.0,110.0,3.0,0.0,0.0,16.0,0.9079827795750479,0.006433297465601319,0.0058413233146497965,0.0019527071871691779,1.1406394019095543e-05,111.00005840098113,0.19680582299109717
1150051000,염창동,2436,2335,4771,강서구,25.0,5.0,1.0,202.0,8.0,19.0,1.0,0.0,0.0,10.0,0.5875182691367957,0.004624648000183154,0.0027170651884345504,0.0065423918468989805,1.7776105136307243e-05,50.00005840098114,0.1921889611754544
1153076000,개봉제3동,730,719,1449,구로구,20.0,4.0,1.0,220.0,11.0,88.0,3.0,0.0,0.0,15.0,0.8545720278353393,0.005036745346734129,0.004304261684648794,0.001986989265595603,8.5525217637116e-06,113.00005840098113,0.19187697456289274
1162076500,미성동,1083,1114,2197,관악구,0.0,0.0,0.0,187.0,9.0,98.0,2.0,0.0,0.0,11.0,0.6409290208765044,0.0042812335447240096,0.0027439668239636057,0.0030127090521142445,8.266773689256328e-06,99.00005840098113,0.19116244640114108
1156060500,문래동,1752,1574,3326,영등포구,25.0,5.0,1.0,280.0,12.0,0.0,0.0,20.0,1.0,14.0,0.8011612760956306,0.006410403168570709,0.0051357667828195825,0.004560887713851605,2.342365562096902e-05,51.00005840098114,0.18635455106644175
1159054000,상도제2동,1205,938,2143,동작구,0.0,0.0,0.0,134.0,6.0,106.0,3.0,0.0,0.0,9.0,0.5341075173970871,0.0030678358021016964,0.0016385541640424382,0.0029386597627131658,4.815153190897621e-06,107.00005840098113,0.167943040589966
1150062000,공항동,1339,818,2157,강서구,0.0,0.0,0.0,305.0,14.0,57.0,3.0,0.0,0.0,17.0,0.9613935313147567,0.006982760594335951,0.006713180866114169,0.002957857726631964,1.9856633895113657e-05,58.00005840098114,0.16493275259897652
1154562000,독산제2동,526,559,1085,금천구,0.0,0.0,0.0,157.0,9.0,146.0,4.0,0.0,0.0,13.0,0.7477505243559218,0.003594404633805719,0.0026877179496755817,0.0014878422037068527,3.998900197187781e-06,147.00005840098115,0.16354267880628157
1135066500,상계3.4동,894,898,1792,노원구,32.0,6.0,1.0,114.0,6.0,84.0,2.0,0.0,0.0,9.0,0.5341075173970871,0.002609949861489503,0.0013939938410510297,0.0024573393816061566,3.425515963331128e-06,123.00005840098113,0.1614355393412666
1147064000,신정3동,2214,2523,4737,양천구,25.0,5.0,1.0,328.0,13.0,0.0,0.0,0.0,0.0,14.0,0.8011612760956306,0.007509329426039974,0.006016183945588655,0.006495768220239042,3.907973648086711e-05,31.000058400981136,0.16132920058092343
1162056500,성현동,1278,1439,2717,관악구,0.0,0.0,0.0,248.0,10.0,59.0,2.0,0.0,0.0,12.0,0.6943397726162132,0.0056777856635912,0.003942312406621508,0.003725776283383888,1.4688174066280474e-05,60.00005840098114,0.1552174305261091
1159068000,신대방제2동,857,865,1722,동작구,0.0,0.0,0.0,214.0,9.0,53.0,2.0,40.0,1.0,12.0,0.6943397726162132,0.00489937956455047,0.003401834092810495,0.002361349562012166,8.032919445096116e-06,94.00005840098113,0.15412051404078012
1150054000,화곡제1동,1310,1142,2452,강서구,0.0,0.0,0.0,192.0,9.0,63.0,3.0,0.0,0.0,12.0,0.6943397726162132,0.004395705029877058,0.003052112830932781,0.003362386252063781,1.026238222247585e-05,64.00005840098115,0.14941700071035355
1129071500,월곡제1동,1287,1316,2603,성북구,0.0,0.0,0.0,176.0,9.0,64.0,2.0,0.0,0.0,11.0,0.6409290208765044,0.0040293962773873026,0.0025825570107892754,0.003569450005759389,9.21830813703573e-06,65.00005840098113,0.14870479992950275
1138051000,녹번동,1342,1068,2410,은평구,0.0,0.0,0.0,175.0,9.0,68.0,2.0,0.0,0.0,11.0,0.6409290208765044,0.004006501980356693,0.0025678833914097913,0.0033047923603073868,8.4863214140913e-06,69.00005840098113,0.14615159958804397
1153072000,고척제1동,790,904,1694,구로구,20.0,4.0,1.0,210.0,11.0,52.0,2.0,0.0,0.0,14.0,0.8011612760956306,0.004807802376428032,0.003851825087114687,0.0023229536341745696,8.947611084317841e-06,77.00005840098113,0.14330176702346265
1162060500,은천동,1327,1364,2691,관악구,0.0,0.0,0.0,152.0,7.0,70.0,2.0,0.0,0.0,9.0,0.5341075173970871,0.0034799331486526706,0.0018586584547347063,0.0036901229218204057,6.858678167651834e-06,71.00005840098113,0.1399356049829158
1135057000,월계2동,1018,978,1996,노원구,28.0,4.0,1.0,124.0,7.0,54.0,2.0,0.0,0.0,10.0,0.5875182691367957,0.0028388928317956,0.0016679014028014073,0.002737081141565786,4.565181475598852e-06,87.00005840098113,0.13990350411958546
1150061100,발산제1동,2397,2451,4848,강서구,0.0,0.0,0.0,276.0,13.0,25.0,1.0,0.0,0.0,14.0,0.8011612760956306,0.0063188259804482705,0.00506239868592216,0.0066479806484523694,3.365472849876123e-05,26.000058400981136,0.13847903220383986
1174057000,암사제1동,1239,1214,2453,강동구,20.0,4.0,1.0,97.0,4.0,71.0,2.0,0.0,0.0,7.0,0.4272860139176696,0.0022207468119691386,0.0009488940532066658,0.0033637575352008383,3.191849521581187e-06,96.00005840098113,0.13797959264308782
1147052000,목2동,931,1143,2074,양천구,0.0,0.0,0.0,73.0,3.0,112.0,4.0,0.0,0.0,7.0,0.4272860139176696,0.0016712836832345063,0.0007141161431349134,0.0028440412262562323,2.03097575141079e-06,113.00005840098113,0.13731982237523793
1130554500,송중동,878,977,1855,강북구,0.0,0.0,0.0,137.0,6.0,90.0,4.0,0.0,0.0,10.0,0.5875182691367957,0.0031365186931935256,0.0018427620337402647,0.002543730219240748,4.68748947209465e-06,91.00005840098113,0.1359984930554591
1138063200,신사제2동,671,785,1456,은평구,0.0,0.0,0.0,188.0,8.0,105.0,3.0,0.0,0.0,11.0,0.6409290208765044,0.004304127841754619,0.00275864044334309,0.001996588247555002,5.507869088408734e-06,106.00005840098113,0.1356452378975525
1159056000,상도제4동,967,886,1853,동작구,0.0,0.0,0.0,99.0,4.0,110.0,4.0,0.0,0.0,8.0,0.48069676565737834,0.002266535406030358,0.0010895162389267259,0.002540987652966634,2.7684473108194556e-06,111.00005840098113,0.13558041597911963
1144070000,망원제2동,714,747,1461,마포구,0.0,0.0,0.0,257.0,11.0,68.0,2.0,10.0,1.0,14.0,0.8011612760956306,0.005883834336866687,0.004713900225659403,0.0020034446632402874,9.444038250144517e-06,79.00005840098113,0.1268015940944771
1156056000,당산제2동,1350,1113,2463,영등포구,0.0,0.0,0.0,182.0,8.0,62.0,2.0,0.0,0.0,10.0,0.5875182691367957,0.004166762059570961,0.0024480488331440012,0.0033774703665714082,8.268212389863578e-06,63.00005840098114,0.1250126251477764
1126065500,망우본동,792,845,1637,중랑구,0.0,0.0,0.0,103.0,5.0,83.0,3.0,20.0,1.0,9.0,0.5341075173970871,0.0023581125941527967,0.0012594856634057549,0.0022447904953623206,2.8272814462583453e-06,104.00005840098113,0.1246918557900827
1120054000,마장동,660,749,1409,성동구,62.0,12.0,3.0,119.0,6.0,32.0,1.0,0.0,0.0,10.0,0.5875182691367957,0.0027244213466425513,0.0016006473139787698,0.001932137940113323,3.0926714040788635e-06,107.00005840098113,0.12146286449388163
1138052000,불광제1동,1371,1219,2590,은평구,0.0,0.0,0.0,189.0,8.0,54.0,2.0,0.0,0.0,10.0,0.5875182691367957,0.004327022138785229,0.0025422045574956934,0.003551623324977648,9.028953003266185e-06,55.00005840098114,0.11476551923045351
1174060000,천호제1동,786,769,1555,강동구,0.0,0.0,0.0,119.0,5.0,109.0,3.0,0.0,0.0,8.0,0.48069676565737834,0.0027244213466425513,0.0013096205296189937,0.002132345278123646,2.7925631524668497e-06,110.00005840098113,0.11275132249214616
1123057000,전농제2동,761,832,1593,동대문구,0.0,0.0,0.0,232.0,11.0,68.0,2.0,0.0,0.0,13.0,0.7477505243559218,0.005311476911101445,0.003971659645380477,0.0021844540373318123,8.675907947259217e-06,69.00005840098113,0.11270653437111192
1123066000,장안제2동,1630,1480,3110,동대문구,20.0,4.0,1.0,103.0,6.0,29.0,1.0,0.0,0.0,8.0,0.48069676565737834,0.0023581125941527967,0.0011335370970651795,0.004264690556247292,4.834184953009841e-06,54.00005840098114,0.11070135939690454
1171054000,마천1동,682,786,1468,송파구,0.0,0.0,0.0,89.0,4.0,126.0,3.0,0.0,0.0,7.0,0.4272860139176696,0.002037592435724261,0.0008706347498494149,0.002013043645199686,1.7526257504743831e-06,127.00005840098113,0.10923851539829302
1174055000,고덕제1동,2060,2035,4095,강동구,0.0,0.0,0.0,188.0,10.0,29.0,1.0,0.0,0.0,11.0,0.6409290208765044,0.004304127841754619,0.00275864044334309,0.005615404446248444,1.5490881811149564e-05,30.000058400981136,0.10797248039633804
1162052500,보라매동,672,676,1348,관악구,0.0,0.0,0.0,110.0,5.0,134.0,2.0,0.0,0.0,7.0,0.4272860139176696,0.0025183726733670644,0.0010760654211621984,0.0018484896687528455,1.9890958139205034e-06,135.00005840098115,0.1066276067415364
1138060000,응암제3동,569,667,1236,은평구,0.0,0.0,0.0,138.0,8.0,97.0,3.0,0.0,0.0,11.0,0.6409290208765044,0.0031594129902241352,0.002024959474368864,0.0016949059574024607,3.4321158766063427e-06,98.00005840098113,0.1064588761858876
1162059500,청룡동,649,666,1315,관악구,0.0,0.0,0.0,212.0,9.0,89.0,2.0,0.0,0.0,11.0,0.6409290208765044,0.004853590970489251,0.0031108073084507182,0.0018032373252299641,5.609523850196497e-06,90.00005840098113,0.10401730949085121
1135067000,상계5동,702,869,1571,노원구,53.0,10.0,2.0,105.0,5.0,35.0,1.0,0.0,0.0,8.0,0.48069676565737834,0.002403901188214016,0.0011555475261344063,0.002154285808316558,2.4893796363866583e-06,99.00005840098113,0.10252032429319276
1159066000,대방동,1534,1953,3487,동작구,0.0,0.0,0.0,361.0,17.0,20.0,1.0,0.0,0.0,18.0,1.0148042830544655,0.008264841228050093,0.008387196276990362,0.0047816642989177835,4.0104757005700964e-05,21.000058400981136,0.10190180501211839
1117051000,후암동,565,580,1145,용산구,0.0,0.0,0.0,129.0,7.0,109.0,3.0,0.0,0.0,10.0,0.5875182691367957,0.0029533643169486483,0.0017351554916240448,0.001570119191930273,2.7244009383821206e-06,110.00005840098113,0.10147216197131695
1147068000,신정7동,1272,1674,2946,양천구,0.0,0.0,0.0,232.0,11.0,35.0,1.0,0.0,0.0,12.0,0.6943397726162132,0.005311476911101445,0.0036879696707104435,0.004039800121769943,1.4898660324819906e-05,36.00005840098114,0.10097994414112466
1150059000,화곡본동,1345,1186,2531,강서구,0.0,0.0,0.0,180.0,8.0,48.0,2.0,0.0,0.0,10.0,0.5875182691367957,0.004120973465509742,0.0024211471976149463,0.0034707176198912845,8.4031182391126e-06,49.00005840098114,0.09991650951237939
1154563000,독산제3동,575,607,1182,금천구,0.0,0.0,0.0,141.0,7.0,102.0,3.0,0.0,0.0,10.0,0.5875182691367957,0.003228095881315964,0.0018965653047983743,0.0016208566680013822,3.074060520582519e-06,103.00005840098113,0.09808519473686553
1147057000,신월2동,849,888,1737,양천구,0.0,0.0,0.0,122.0,5.0,84.0,3.0,0.0,0.0,8.0,0.48069676565737834,0.00279310423773438,0.0013426361732228338,0.002381918809068021,3.1980503547345775e-06,85.00005840098113,0.0973234236120795
1138059000,응암제2동,1637,1146,2783,은평구,20.0,4.0,1.0,79.0,4.0,0.0,0.0,40.0,1.0,6.0,0.3738752621779609,0.0018086494654181644,0.000676209293071245,0.0038162809704296503,2.5806046571754787e-06,65.00005840098113,0.09274293147095158
1135060000,공릉2동,1781,2097,3878,노원구,20.0,4.0,1.0,225.0,11.0,0.0,0.0,0.0,0.0,12.0,0.6943397726162132,0.005151216831887177,0.0035766947237493526,0.005317836005507073,1.9020275982661482e-05,25.000058400981136,0.09230984171076154
1153056000,구로제5동,898,754,1652,구로구,20.0,4.0,1.0,149.0,7.0,44.0,2.0,0.0,0.0,10.0,0.5875182691367957,0.003411250257560842,0.0020041718469145943,0.0022653597424181753,4.540170218888204e-06,69.00005840098113,0.09183495393201711
1138058000,응암제1동,946,1093,2039,은평구,40.0,8.0,1.0,145.0,6.0,19.0,1.0,0.0,0.0,8.0,0.48069676565737834,0.003319673069438403,0.001595756107518942,0.0027960463164592372,4.461807986395668e-06,68.00005840098113,0.09139550711847563
1132051200,창제2동,1032,1017,2049,도봉구,0.0,0.0,0.0,119.0,5.0,74.0,2.0,0.0,0.0,7.0,0.4272860139176696,0.0027244213466425513,0.0011641071374391054,0.002809759147829807,3.270860678473497e-06,75.00005840098113,0.09004287909037982
1159067000,신대방제1동,981,1245,2226,동작구,30.0,6.0,1.0,85.0,5.0,32.0,1.0,0.0,0.0,7.0,0.4272860139176696,0.0019460152476018224,0.0008315050981707896,0.0030524762630888976,2.538149574803739e-06,69.00005840098113,0.08999542480857146
1132051100,창제1동,978,1069,2047,도봉구,20.0,4.0,1.0,121.0,5.0,49.0,1.0,0.0,0.0,7.0,0.4272860139176696,0.0027702099407037706,0.001183671963278418,0.002807016581555693,3.322586828045101e-06,74.00005840098113,0.08875559057997047
1129077000,장위제2동,332,387,719,성북구,0.0,0.0,0.0,145.0,8.0,128.0,4.0,0.0,0.0,12.0,0.6943397726162132,0.003319673069438403,0.002304981044194027,0.0009859525755439881,2.272601997103172e-06,129.00005840098115,0.08831164521815131
1121583000,자양제2동,963,873,1836,광진구,20.0,4.0,1.0,178.0,9.0,29.0,1.0,0.0,0.0,11.0,0.6409290208765044,0.004075184871448522,0.0026119042495482444,0.002517675839636665,6.575928224531949e-06,54.00005840098114,0.08713727582110041
1132051400,창제4동,1084,1243,2327,도봉구,0.0,0.0,0.0,164.0,7.0,29.0,1.0,20.0,1.0,9.0,0.5341075173970871,0.003754664713019987,0.0020053946485295514,0.0031909758599316554,6.399165913093925e-06,50.00005840098114,0.08521630926531172
1130566000,인수동,999,1024,2023,강북구,0.0,0.0,0.0,170.0,8.0,49.0,2.0,0.0,0.0,10.0,0.5875182691367957,0.003892030495203645,0.0022866390199696713,0.0027741057862663253,6.343378536400225e-06,50.00005840098114,0.08149198668160643
1156062000,양평제2동,777,714,1491,영등포구,0.0,0.0,0.0,159.0,8.0,66.0,2.0,0.0,0.0,10.0,0.5875182691367957,0.0036401932278669383,0.002138680024559869,0.0020445831573519973,4.372709157180264e-06,67.00005840098113,0.08048247731982534
1153054000,구로제3동,775,730,1505,구로구,30.0,6.0,1.0,244.0,10.0,19.0,1.0,0.0,0.0,12.0,0.6943397726162132,0.00558620847546876,0.003878726722643742,0.0020637811212707957,8.004842984760701e-06,56.00005840098114,0.08024614129705697
1130553400,삼양동,773,863,1636,강북구,0.0,0.0,0.0,140.0,8.0,59.0,2.0,0.0,0.0,10.0,0.5875182691367957,0.0032052015842853544,0.0018831144870338468,0.0022434192122252634,4.224615219031453e-06,60.00005840098114,0.07908306332628913
1121582000,자양제1동,582,679,1261,광진구,0.0,0.0,0.0,63.0,3.0,102.0,4.0,0.0,0.0,7.0,0.4272860139176696,0.0014423407129284095,0.0006162920139383499,0.0017291880358288859,1.0656847770790836e-06,103.00005840098113,0.0761024030537994
1135056000,월계1동,725,798,1523,노원구,40.0,8.0,2.0,66.0,4.0,35.0,1.0,0.0,0.0,7.0,0.4272860139176696,0.0015110236040202386,0.000645639252697319,0.0020884642177378216,1.348394476825338e-06,84.00005840098113,0.07495926238315184
1156054000,여의동,1718,1530,3248,영등포구,25.0,5.0,1.0,223.0,8.0,0.0,0.0,0.0,0.0,9.0,0.5341075173970871,0.005105428237825957,0.002726847601354207,0.004453927629161159,1.2145181872183336e-05,31.000058400981136,0.07374530201771012
1171052000,풍납2동,1089,1012,2101,송파구,0.0,0.0,0.0,109.0,5.0,57.0,2.0,0.0,0.0,7.0,0.4272860139176696,0.0024954783763364544,0.0010662830082425417,0.0028810658709567715,3.0720315838287047e-06,58.00005840098114,0.07140034270034505
1121577000,중곡제4동,821,817,1638,광진구,0.0,0.0,0.0,57.0,3.0,84.0,3.0,0.0,0.0,6.0,0.3738752621779609,0.0013049749307447514,0.00048789784436786035,0.0022461617784993774,1.0958974898313256e-06,85.00005840098113,0.07138171656982688
1132051500,창제5동,879,877,1756,도봉구,0.0,0.0,0.0,180.0,9.0,49.0,1.0,0.0,0.0,10.0,0.5875182691367957,0.004120973465509742,0.0024211471976149463,0.0024079731886721043,5.830057537685392e-06,50.00005840098114,0.07073649461833953
1174070000,둔촌제2동,1057,992,2049,강동구,0.0,0.0,0.0,153.0,7.0,50.0,1.0,0.0,0.0,8.0,0.48069676565737834,0.0035028274456832802,0.001683797823795849,0.002809759147829807,4.731066338506308e-06,51.00005840098114,0.06888282774536485
1165062100,방배4동,1000,1235,2235,서초구,0.0,0.0,0.0,84.0,4.0,58.0,2.0,0.0,0.0,6.0,0.3738752621779609,0.0019231209505712126,0.0007190073495947415,0.003064817811322411,2.203626531509683e-06,59.00005840098114,0.06760578112073791
1120065000,성수1가제1동,515,512,1027,성동구,20.0,4.0,1.0,209.0,9.0,49.0,1.0,0.0,0.0,11.0,0.6409290208765044,0.004784908079397422,0.0030667864503122646,0.0014083077817575462,4.318979222963364e-06,74.00005840098113,0.06679432696064705
1132052100,도봉제1동,525,532,1057,도봉구,20.0,4.0,1.0,163.0,7.0,53.0,2.0,0.0,0.0,10.0,0.5875182691367957,0.003731770415989377,0.002192483295617979,0.0014494462758692563,3.1778867477390337e-06,78.00005840098113,0.06642299077491111
1153073000,고척제2동,1158,1099,2257,구로구,0.0,0.0,1.0,170.0,9.0,32.0,1.0,0.0,0.0,11.0,0.6409290208765044,0.003892030495203645,0.0024945152945123686,0.0030949860403376647,7.720490013924579e-06,33.00005840098114,0.06546110613924468
1126054000,면목제4동,613,560,1173,중랑구,0.0,0.0,0.0,125.0,6.0,23.0,1.0,60.0,1.0,8.0,0.48069676565737834,0.0028617871288262094,0.001375651816826674,0.0016085151197678693,2.2127567469018447e-06,84.00005840098113,0.06494951846511278
1141052000,천연동,677,735,1412,서대문구,0.0,0.0,0.0,81.0,3.0,88.0,3.0,0.0,0.0,6.0,0.3738752621779609,0.0018544380594793836,0.0006933285156806436,0.001936251789524494,1.3424585792150073e-06,89.00005840098113,0.06442862372258279
1129055500,삼선동,739,867,1606,성북구,0.0,0.0,0.0,75.0,4.0,77.0,2.0,0.0,0.0,6.0,0.3738752621779609,0.0017170722772957257,0.0006419708478524478,0.002202280718113553,1.4138000198164554e-06,78.00005840098113,0.06422355399428491
1135071000,상계9동,870,977,1847,노원구,42.0,8.0,2.0,134.0,6.0,0.0,0.0,0.0,0.0,8.0,0.48069676565737834,0.0030678358021016964,0.0014746987476381944,0.002532759954144292,3.7350579324447583e-06,51.00005840098114,0.062092036527910635
1141071000,북가좌제1동,806,1053,1859,서대문구,20.0,4.0,1.0,84.0,4.0,40.0,1.0,0.0,0.0,6.0,0.3738752621779609,0.0019231209505712126,0.0007190073495947415,0.002549215351788976,1.8329045736360182e-06,65.00005840098113,0.061950811931189
1135062500,중계2.3동,1291,1384,2675,노원구,21.0,4.0,1.0,201.0,10.0,0.0,0.0,0.0,0.0,11.0,0.6409290208765044,0.004601753703152545,0.0029493974952763888,0.0036681823916274938,1.0818927958083083e-05,26.000058400981136,0.061127295568526675
1130560800,번3동,593,628,1221,강북구,0.0,0.0,0.0,121.0,6.0,67.0,3.0,0.0,0.0,9.0,0.5341075173970871,0.0027702099407037706,0.0014795899540980227,0.0016743367103466055,2.4773317764063683e-06,68.00005840098113,0.06081080823478762
1130555500,송천동,675,722,1397,강북구,0.0,0.0,0.0,66.0,3.0,83.0,3.0,0.0,0.0,6.0,0.3738752621779609,0.0015110236040202386,0.0005649343461101541,0.0019156825424686387,1.082234864484158e-06,84.00005840098113,0.060163052104796604
1162057500,행운동,632,606,1238,관악구,0.0,0.0,0.0,181.0,8.0,58.0,2.0,0.0,0.0,10.0,0.5875182691367957,0.004143867762540351,0.0024345980153794734,0.0016976485236765747,4.133091726554882e-06,59.00005840098114,0.05884663006086346
1147060000,신월5동,598,621,1219,양천구,0.0,0.0,0.0,75.0,3.0,93.0,3.0,0.0,0.0,6.0,0.3738752621779609,0.0017170722772957257,0.0006419708478524478,0.0016715941440724916,1.0731147099354041e-06,94.00005840098113,0.05874700019253
1165056000,반포1동,2004,1963,3967,서초구,0.0,0.0,0.0,173.0,8.0,19.0,1.0,0.0,0.0,9.0,0.5341075173970871,0.003960713386295474,0.0021154467938756857,0.005439880204705146,1.1507777138111311e-05,20.000058400981136,0.058109787904388345
1126057500,면목제3.8동,633,652,1285,중랑구,0.0,0.0,0.0,51.0,3.0,86.0,3.0,0.0,0.0,6.0,0.3738752621779609,0.0011676091485610933,0.00043654017653966447,0.001762098831118254,7.69226934816699e-07,87.00005840098113,0.05731608760956782
1153074000,개봉제1동,1098,1035,2133,구로구,0.0,0.0,0.0,54.0,3.0,60.0,2.0,0.0,0.0,5.0,0.3204645104382522,0.0012362920396529224,0.00039618772324608205,0.002924946931342596,1.1588280653442372e-06,61.00005840098114,0.0571778976127191
1141062000,홍제제1동,860,839,1699,서대문구,0.0,0.0,0.0,168.0,7.0,50.0,1.0,0.0,0.0,8.0,0.48069676565737834,0.0038462419011424252,0.0018488760418150499,0.002329810049859855,4.3075299831658125e-06,51.00005840098114,0.05711660533888476
1171063200,가락2동,1585,1743,3328,송파구,0.0,0.0,0.0,169.0,7.0,25.0,1.0,0.0,0.0,8.0,0.48069676565737834,0.0038691361981730353,0.0018598812563496634,0.0045636302801257194,8.48781041891559e-06,26.000058400981136,0.05703690831366078
1129076000,장위제1동,577,687,1264,성북구,29.0,5.0,1.0,58.0,2.0,66.0,2.0,0.0,0.0,5.0,0.3204645104382522,0.0013278692277753613,0.0004255349620050511,0.0017333018852400568,7.37580551878911e-07,101.00005840098113,0.05610166818912119
1150061500,우장산동,2513,2751,5264,강서구,0.0,0.0,0.0,132.0,5.0,19.0,1.0,0.0,0.0,6.0,0.3738752621779609,0.003022047208040477,0.0011298686922203082,0.0072184344334680845,8.155883073220626e-06,20.000058400981136,0.05397603893876737
1174061000,천호제2동,871,839,1710,강동구,0.0,0.0,0.0,100.0,4.0,59.0,2.0,0.0,0.0,6.0,0.3738752621779609,0.0022894297030609675,0.0008559611304699304,0.002344894164367482,2.0071382597643327e-06,60.00005840098114,0.052601926428966495
1126062000,묵제1동,1476,1512,2988,중랑구,0.0,0.0,0.0,160.0,6.0,29.0,1.0,0.0,0.0,7.0,0.4272860139176696,0.003663087524897548,0.0015651860671450156,0.004097394013526337,6.413184021574818e-06,30.000058400981136,0.052522876910746134
1168065000,역삼2동,1980,2790,4770,강남구,20.0,4.0,1.0,78.0,4.0,0.0,0.0,0.0,0.0,5.0,0.3204645104382522,0.0017857551683875547,0.0005722711557998964,0.006541020563761923,3.7432373981349255e-06,25.000058400981136,0.05240424623640248
1156072000,대림제3동,625,673,1298,영등포구,0.0,0.0,0.0,139.0,7.0,54.0,2.0,0.0,0.0,9.0,0.5341075173970871,0.003182307287254745,0.0016996942447902905,0.001779925511899995,3.0253291487318334e-06,55.00005840098114,0.05228699331734948
1123060000,답십리제1동,1384,954,2338,동대문구,0.0,0.0,0.0,181.0,8.0,29.0,1.0,0.0,0.0,9.0,0.5341075173970871,0.004143867762540351,0.0022132709230722487,0.003206059974439282,7.09587931905222e-06,30.000058400981136,0.05137152201193292
1147065000,신정4동,1012,977,1989,양천구,0.0,0.0,0.0,147.0,6.0,38.0,2.0,0.0,0.0,8.0,0.48069676565737834,0.003365461663499622,0.0016177665365881685,0.002727482159606387,4.412429366952443e-06,39.00005840098114,0.051132658816979225
1120052000,왕십리제2동,613,544,1157,성동구,20.0,4.0,1.0,77.0,4.0,49.0,2.0,0.0,0.0,7.0,0.4272860139176696,0.001762860871356945,0.0007532457948135388,0.001586574589574957,1.1950806377553526e-06,74.00005840098113,0.05016620337128766
1129081000,석관동,1083,1023,2106,성북구,0.0,0.0,0.0,163.0,7.0,35.0,1.0,0.0,0.0,8.0,0.48069676565737834,0.003731770415989377,0.001793849969141983,0.0028879222866420567,5.180499304777298e-06,36.00005840098114,0.04997581756882544
1135061200,하계2동,1010,1395,2405,노원구,25.0,5.0,1.0,152.0,7.0,0.0,0.0,0.0,0.0,8.0,0.48069676565737834,0.0034799331486526706,0.0016727926092612356,0.003297935944622102,5.516762873980824e-06,31.000058400981136,0.0491446139831692
1121584000,자양제3동,1364,1273,2637,광진구,20.0,4.0,1.0,230.0,8.0,0.0,0.0,0.0,0.0,9.0,0.5341075173970871,0.005265688317040225,0.0028124437144012,0.0036160736324193274,1.0170003558309654e-05,25.000058400981136,0.048284415557440036
1123061000,답십리제2동,945,947,1892,동대문구,0.0,0.0,0.0,93.0,4.0,48.0,2.0,0.0,0.0,6.0,0.3738752621779609,0.0021291696238466998,0.0007960438513370352,0.002594467695311857,2.0653100563455725e-06,49.00005840098114,0.04753041384942899
1114068000,중림동,457,350,807,중구,40.0,8.0,1.0,58.0,3.0,64.0,2.0,0.0,0.0,6.0,0.3738752621779609,0.0013278692277753613,0.0004964574556725596,0.0011066254916050047,5.493924759446161e-07,113.00005840098113,0.04675263238896572
1132069000,방학제1동,987,1035,2022,도봉구,0.0,0.0,0.0,94.0,5.0,44.0,1.0,0.0,0.0,6.0,0.3738752621779609,0.0021520639208773094,0.0008046034626417346,0.002772734503129268,2.2309517822040186e-06,45.00005840098114,0.04664961831060652
1162063000,남현동,538,366,904,관악구,0.0,0.0,0.0,104.0,5.0,99.0,1.0,0.0,0.0,6.0,0.3738752621779609,0.0023810068911834063,0.0008901995756887276,0.0012396399558995343,1.1035269627485585e-06,100.00005840098113,0.046347098418965824
1174052000,상일동,2239,1700,3939,강동구,0.0,0.0,0.0,36.0,6.0,19.0,1.0,0.0,0.0,7.0,0.4272860139176696,0.0008241946931019483,0.00035216686510762855,0.00540148427686755,1.902223784712591e-06,20.000058400981136,0.046159708506253734
1147054000,목4동,969,1499,2468,양천구,0.0,0.0,0.0,97.0,5.0,35.0,1.0,0.0,0.0,6.0,0.3738752621779609,0.0022207468119691386,0.0008302822965558325,0.003384326782256693,2.809946613067498e-06,36.00005840098114,0.045551452164135704
1121586000,구의제2동,1022,1071,2093,광진구,0.0,0.0,0.0,210.0,9.0,26.0,1.0,0.0,0.0,10.0,0.5875182691367957,0.004807802376428032,0.0028246717305507704,0.0028700956058603155,8.10707792185162e-06,27.000058400981136,0.04552840574822556
1162071500,난향동,767,687,1454,관악구,0.0,0.0,0.0,102.0,4.0,60.0,2.0,0.0,0.0,6.0,0.3738752621779609,0.0023352182971221867,0.0008730803530793289,0.001993845681280888,1.7407874913984131e-06,61.00005840098114,0.0454724677216952
1144068000,합정동,446,447,893,마포구,0.0,0.0,0.0,67.0,3.0,98.0,3.0,0.0,0.0,6.0,0.3738752621779609,0.0015339179010508482,0.0005734939574148533,0.0012245558413919073,7.022753755553204e-07,99.00005840098113,0.045325309226730885
1129065000,정릉제4동,1012,992,2004,성북구,0.0,0.0,0.0,98.0,4.0,43.0,2.0,0.0,0.0,6.0,0.3738752621779609,0.0022436411089997482,0.0008388419078605319,0.002748051406662242,2.3051806848633737e-06,44.00005840098114,0.04520691136918079
1120056000,행당제1동,543,456,999,성동구,0.0,0.0,0.0,116.0,5.0,36.0,1.0,40.0,1.0,7.0,0.4272860139176696,0.0026557384555507225,0.0011347598986801365,0.00136991185391995,1.5545210365549205e-06,77.00005840098113,0.04507153569663571
1120064500,옥수동,1300,838,2138,성동구,20.0,4.0,1.0,203.0,9.0,0.0,0.0,0.0,0.0,10.0,0.5875182691367957,0.004647542297213764,0.0027305160061990782,0.002931803347027881,8.00533596608766e-06,25.000058400981136,0.04306230129237295
1129064000,정릉제3동,334,393,727,성북구,0.0,0.0,0.0,79.0,3.0,113.0,3.0,0.0,0.0,6.0,0.3738752621779609,0.0018086494654181644,0.000676209293071245,0.000996922840640444,6.741284893160522e-07,114.00005840098113,0.042490647646876704
1171061000,삼전동,928,950,1878,송파구,20.0,4.0,1.0,86.0,4.0,19.0,1.0,0.0,0.0,6.0,0.3738752621779609,0.001968909544632432,0.0007361265722041401,0.0025752697313930592,1.8957244798714494e-06,44.00005840098114,0.04236456065435206
1132071000,방학제3동,1243,1365,2608,도봉구,0.0,0.0,0.0,172.0,9.0,19.0,1.0,0.0,0.0,10.0,0.5875182691367957,0.003937819089264864,0.0023135406554987263,0.0035763064214446743,8.273930302533415e-06,20.000058400981136,0.04202302988155011
1156069000,신길제7동,1098,813,1911,영등포구,0.0,0.0,0.0,84.0,4.0,49.0,1.0,0.0,0.0,5.0,0.3204645104382522,0.0019231209505712126,0.0006162920139383499,0.0026205220749159403,1.6150068271198483e-06,50.00005840098114,0.04198926523575694
1153079000,수궁동,873,923,1796,구로구,0.0,0.0,0.0,73.0,3.0,51.0,2.0,0.0,0.0,5.0,0.3204645104382522,0.0016712836832345063,0.000535587107351185,0.0024628245141543846,1.3190570574495345e-06,52.00005840098114,0.041040934408487106
1171053200,거여2동,591,617,1208,송파구,0.0,0.0,0.0,83.0,4.0,64.0,2.0,0.0,0.0,6.0,0.3738752621779609,0.001900226653540603,0.0007104477382900423,0.0016565100295648644,1.176863803959129e-06,65.00005840098113,0.040256364073629
1153077000,오류제1동,593,537,1130,구로구,0.0,0.0,0.0,98.0,4.0,57.0,3.0,0.0,0.0,7.0,0.4272860139176696,0.0022436411089997482,0.0009586764661263221,0.001549549944874418,1.4855170652384442e-06,58.00005840098114,0.03840189778742976
1162068500,신사동,443,496,939,관악구,0.0,0.0,0.0,91.0,4.0,78.0,2.0,0.0,0.0,6.0,0.3738752621779609,0.0020833810297854805,0.0007789246287276368,0.0012876348656965296,1.0029705096994297e-06,79.00005840098113,0.0380317991322381
1138053000,불광제2동,656,764,1420,은평구,0.0,0.0,0.0,220.0,12.0,25.0,1.0,0.0,0.0,13.0,0.7477505243559218,0.005036745346734129,0.003766228974067694,0.0019472220546209499,7.333684121057048e-06,26.000058400981136,0.03785702915583521
1159065100,사당제5동,527,461,988,동작구,20.0,4.0,1.0,132.0,7.0,27.0,1.0,0.0,0.0,9.0,0.5341075173970871,0.003022047208040477,0.0016140981317432975,0.0013548277394123229,2.1868249230194253e-06,52.00005840098114,0.03762847364104052
1156051500,영등포본동,737,552,1289,영등포구,20.0,4.0,1.0,100.0,4.0,31.0,1.0,0.0,0.0,6.0,0.3738752621779609,0.0022894297030609675,0.0008559611304699304,0.001767583963666482,1.5129831677404821e-06,56.00005840098114,0.03700796999352645
1126069000,신내2동,786,840,1626,중랑구,0.0,0.0,0.0,244.0,12.0,21.0,1.0,0.0,0.0,13.0,0.7477505243559218,0.00558620847546876,0.00417709031669326,0.0022297063808546934,9.313684932537313e-06,22.000058400981136,0.03667990790962467
1120058000,응봉동,698,924,1622,성동구,20.0,4.0,1.0,78.0,4.0,19.0,1.0,0.0,0.0,6.0,0.3738752621779609,0.0017857551683875547,0.0006676496817665458,0.0022242212483064654,1.4850006086102007e-06,44.00005840098114,0.036589625868668284
1126058000,상봉제1동,1039,939,1978,중랑구,0.0,0.0,0.0,101.0,5.0,35.0,1.0,0.0,0.0,6.0,0.3738752621779609,0.002312324000091577,0.0008645207417746297,0.0027123980450987598,2.3449243699368354e-06,36.00005840098114,0.03650760631307148
1126066000,망우제3동,476,509,985,중랑구,0.0,0.0,0.0,140.0,6.0,55.0,2.0,0.0,0.0,8.0,0.48069676565737834,0.0032052015842853544,0.0015407300348458748,0.001350713890001152,2.081085458808282e-06,56.00005840098114,0.036359930620925636
1168073000,일원1동,425,520,945,강남구,0.0,0.0,0.0,86.0,5.0,64.0,2.0,0.0,0.0,7.0,0.4272860139176696,0.001968909544632432,0.0008412875110904459,0.0012958625645188716,1.0901929916193639e-06,65.00005840098113,0.03599078907244977
1147061100,신월7동,647,616,1263,양천구,0.0,0.0,0.0,93.0,4.0,54.0,2.0,0.0,0.0,6.0,0.3738752621779609,0.0021291696238466998,0.0007960438513370352,0.0017319306021029999,1.3786927067465423e-06,55.00005840098114,0.03561396825259528
1150064000,방화제2동,658,706,1364,강서구,0.0,0.0,0.0,51.0,2.0,70.0,2.0,0.0,0.0,4.0,0.26705375869854353,0.0011676091485610933,0.0003118144118140461,0.0018704301989457576,5.832270923235006e-07,71.00005840098113,0.03546491363743908
1168056500,청담동,1331,1071,2402,강남구,20.0,4.0,1.0,140.0,6.0,0.0,0.0,0.0,0.0,7.0,0.4272860139176696,0.0032052015842853544,0.0013695378087518887,0.003293822095210931,4.511013894693733e-06,25.000058400981136,0.03518518503419673
1141070000,남가좌제2동,1455,1085,2540,서대문구,0.0,0.0,0.0,114.0,5.0,26.0,1.0,0.0,0.0,6.0,0.3738752621779609,0.002609949861489503,0.0009757956887357207,0.0034830591681247977,3.3987541198676032e-06,27.000058400981136,0.03516027686241803
1162077500,난곡동,777,851,1628,관악구,0.0,0.0,0.0,49.0,3.0,48.0,2.0,0.0,0.0,5.0,0.3204645104382522,0.0011218205544998741,0.00035950367479737076,0.0022324489471288074,8.025736002903275e-07,49.00005840098114,0.03505565406834962
1171062000,가락본동,810,805,1615,송파구,30.0,6.0,1.0,115.0,6.0,0.0,0.0,0.0,0.0,7.0,0.4272860139176696,0.0026328441585201125,0.00112497748576048,0.0022146222663470662,2.4914001891042983e-06,37.00005840098114,0.03501230872278015
1130564500,우이동,645,686,1331,강북구,0.0,0.0,0.0,0.0,0.0,48.0,2.0,40.0,1.0,3.0,0.2136430069588348,0.0,0.0,0.0018251778554228763,0.0,89.00005840098113,0.03470436996145597
1153075000,개봉제2동,1188,1112,2300,구로구,0.0,0.0,0.0,0.0,0.0,67.0,2.0,0.0,0.0,2.0,0.1602322552191261,0.0,0.0,0.0031539512152311162,0.0,68.00005840098113,0.034364830206391035
1165061000,방배2동,653,766,1419,서초구,0.0,0.0,0.0,69.0,3.0,54.0,2.0,0.0,0.0,5.0,0.3204645104382522,0.0015797064951120676,0.000506239868592216,0.0019458507714838929,9.850672388560679e-07,55.00005840098114,0.03429672273527838
1150057000,화곡제4동,661,637,1298,강서구,0.0,0.0,0.0,65.0,3.0,39.0,1.0,20.0,1.0,5.0,0.3204645104382522,0.001488129306989629,0.00047689262983324695,0.001779925511899995,8.488333582772769e-07,60.00005840098114,0.03422421077934762
1153053000,구로제2동,577,622,1199,구로구,20.0,4.0,1.0,87.0,4.0,30.0,1.0,0.0,0.0,6.0,0.3738752621779609,0.0019918038416630417,0.0007446861835088395,0.0016441684813313514,1.2243895514081686e-06,55.00005840098114,0.0338093016111336
1135064000,상계2동,608,777,1385,노원구,0.0,0.0,0.0,41.0,3.0,54.0,2.0,0.0,0.0,5.0,0.3204645104382522,0.0009386661782549967,0.00030080919727943267,0.0018992271448239548,5.713049928858026e-07,55.00005840098114,0.0334749548896128
1168069000,개포4동,633,740,1373,강남구,0.0,0.0,0.0,172.0,9.0,29.0,1.0,0.0,0.0,10.0,0.5875182691367957,0.003937819089264864,0.0023135406554987263,0.0018827717471792706,4.355868982123612e-06,30.000058400981136,0.03318494854346548
1154569000,시흥제3동,324,321,645,금천구,0.0,0.0,0.0,53.0,3.0,97.0,3.0,0.0,0.0,6.0,0.3738752621779609,0.0012133977426223128,0.0004536593991490631,0.0008844776234017695,4.012515871932381e-07,98.00005840098113,0.032407081039595644
1123070500,청량리동,528,519,1047,동대문구,0.0,0.0,0.0,75.0,3.0,29.0,1.0,40.0,1.0,5.0,0.3204645104382522,0.0017170722772957257,0.0005502607267306696,0.0014357334444986864,7.900277285613746e-07,70.00005840098113,0.03220713994916255
1171064100,문정1동,687,703,1390,송파구,0.0,0.0,0.0,35.0,2.0,60.0,2.0,0.0,0.0,4.0,0.26705375869854353,0.0008013003960713386,0.00021399028261748261,0.0019060835605092398,4.0788335980590974e-07,61.00005840098114,0.03105066326054054
1147063000,신정2동,977,1412,2389,양천구,0.0,0.0,0.0,144.0,7.0,18.0,1.0,0.0,0.0,8.0,0.48069676565737834,0.0032967787724077933,0.0015847508929843284,0.0032759954144291896,5.191636658429223e-06,19.000058400981136,0.029920539568018188
1123073000,휘경제2동,751,943,1694,동대문구,0.0,0.0,0.0,137.0,6.0,29.0,1.0,0.0,0.0,7.0,0.4272860139176696,0.0031365186931935256,0.0013401905699929198,0.0023229536341745696,3.1132005550515412e-06,30.000058400981136,0.029777025932665308
1126052000,면목제2동,735,764,1499,중랑구,0.0,0.0,0.0,154.0,7.0,29.0,1.0,0.0,0.0,8.0,0.48069676565737834,0.00352572174271389,0.0016948030383304622,0.0020555534224484533,3.4837581858162186e-06,30.000058400981136,0.02964299416009354
1114063500,약수동,633,490,1123,중구,80.0,16.0,1.0,0.0,0.0,0.0,0.0,20.0,1.0,2.0,0.1602322552191261,0.0,0.0,0.0015399509629150188,0.0,117.00005840098113,0.02886974284905571
1150053500,등촌제3동,916,871,1787,강서구,0.0,0.0,0.0,166.0,9.0,19.0,1.0,0.0,0.0,10.0,0.5875182691367957,0.003800453307081206,0.0022328357489115615,0.0024504829659208714,5.471525968406954e-06,20.000058400981136,0.028794154293838206
1130562500,수유2동,634,613,1247,강북구,0.0,0.0,0.0,0.0,0.0,77.0,3.0,0.0,0.0,3.0,0.2136430069588348,0.0,0.0,0.0017099900719100877,0.0,78.00005840098113,0.028495560160424586
1156055000,당산제1동,527,432,959,영등포구,25.0,5.0,1.0,0.0,0.0,70.0,2.0,0.0,0.0,3.0,0.2136430069588348,0.0,0.0,0.0013150605284376698,0.0,101.00005840098113,0.02837631845641732
1153052000,구로제1동,1075,1073,2148,구로구,20.0,4.0,1.0,116.0,5.0,0.0,0.0,0.0,0.0,6.0,0.3738752621779609,0.0026557384555507225,0.0009929149113451193,0.002945516178398451,2.9246469351401124e-06,25.000058400981136,0.027531455150613133
1153055000,구로제4동,452,495,947,구로구,0.0,0.0,0.0,63.0,4.0,55.0,2.0,0.0,0.0,6.0,0.3738752621779609,0.0014423407129284095,0.0005392555121960562,0.0012986051307929856,7.002799749461979e-07,56.00005840098114,0.02718894304411912
1129057500,동선동,332,368,700,성북구,0.0,0.0,0.0,154.0,7.0,52.0,2.0,0.0,0.0,9.0,0.5341075173970871,0.00352572174271389,0.001883114487033847,0.0009598981959399049,1.8075981988520892e-06,53.00005840098114,0.027172538588063892
1156063000,신길제1동,337,361,698,영등포구,0.0,0.0,0.0,117.0,5.0,65.0,2.0,0.0,0.0,7.0,0.4272860139176696,0.002678632752581332,0.0011445423115997928,0.0009571556296657909,1.0955051169384395e-06,66.00005840098113,0.026992651988905037
1135061100,하계1동,719,1307,2026,노원구,0.0,0.0,0.0,48.0,3.0,35.0,1.0,0.0,0.0,4.0,0.26705375869854353,0.0010989262574692645,0.0002934723875896905,0.002778219635677496,8.153307497308348e-07,36.00005840098114,0.026709667192793163
1144063000,신수동,847,891,1738,마포구,0.0,0.0,0.0,140.0,6.0,25.0,1.0,0.0,0.0,7.0,0.4272860139176696,0.0032052015842853544,0.0013695378087518887,0.002383290092205078,3.2640058904986292e-06,26.000058400981136,0.026477069083638467
1159051000,노량진제1동,1077,931,2008,동작구,0.0,0.0,0.0,103.0,4.0,29.0,1.0,0.0,0.0,5.0,0.3204645104382522,0.0023581125941527967,0.0007556913980434529,0.00275353653921047,2.080823876879691e-06,30.000058400981136,0.026472373704010597
1171053100,거여1동,415,454,869,송파구,0.0,0.0,0.0,88.0,4.0,58.0,2.0,0.0,0.0,6.0,0.3738752621779609,0.0020146981386936513,0.0007532457948135387,0.001191645046102539,8.97601619887123e-07,59.00005840098114,0.02628609565723545
1120061500,금호2.3가동,744,662,1406,성동구,0.0,0.0,0.0,102.0,5.0,35.0,1.0,0.0,0.0,6.0,0.3738752621779609,0.0023352182971221867,0.0008730803530793289,0.001928024090702152,1.683319953855687e-06,36.00005840098114,0.02595030054407407
1174053000,명일제1동,1151,1177,2328,강동구,0.0,0.0,0.0,67.0,3.0,29.0,1.0,0.0,0.0,4.0,0.26705375869854353,0.0015339179010508482,0.00040963854101060956,0.003192347143068712,1.3077084260860548e-06,30.000058400981136,0.02557589889730108
1156070000,대림제1동,257,328,585,영등포구,20.0,4.0,1.0,50.0,3.0,58.0,2.0,0.0,0.0,6.0,0.3738752621779609,0.0011447148515304837,0.0004279805652349652,0.0008022006351783491,3.4332628127547793e-07,83.00005840098113,0.024893624257916337
1123056000,전농제1동,974,867,1841,동대문구,0.0,0.0,0.0,54.0,3.0,35.0,1.0,0.0,0.0,4.0,0.26705375869854353,0.0012362920396529224,0.00033015643603840174,0.0025245322553219497,8.334905720810833e-07,36.00005840098114,0.02427072917173357
1117058000,효창동,383,353,736,용산구,40.0,8.0,1.0,76.0,3.0,26.0,1.0,0.0,0.0,5.0,0.3204645104382522,0.0017399665743263353,0.0005575975364204118,0.001009264388873957,5.62763336832971e-07,75.00005840098113,0.024257525260073038
1147056000,신월1동,605,611,1216,양천구,0.0,0.0,0.0,0.0,0.0,67.0,3.0,0.0,0.0,3.0,0.2136430069588348,0.0,0.0,0.0016674802946613206,0.0,68.00005840098113,0.02422471509041826
1129078000,장위제3동,879,640,1519,성북구,0.0,0.0,0.0,54.0,3.0,0.0,0.0,40.0,1.0,4.0,0.26705375869854353,0.0012362920396529224,0.00033015643603840174,0.0020829790851895937,6.877089511087267e-07,41.00005840098114,0.022806995640165306
1138055100,갈현제1동,607,695,1302,은평구,0.0,0.0,0.0,0.0,0.0,78.0,2.0,0.0,0.0,2.0,0.1602322552191261,0.0,0.0,0.0017854106444482232,0.0,79.00005840098113,0.022600366257496122
1132070000,방학제2동,621,603,1224,도봉구,0.0,0.0,0.0,71.0,3.0,49.0,1.0,0.0,0.0,4.0,0.26705375869854353,0.0016254950891732868,0.0004340945733097504,0.0016784505597577765,7.286062795595637e-07,50.00005840098114,0.02241185271610261
1138057000,대조동,698,770,1468,은평구,0.0,0.0,0.0,125.0,6.0,25.0,1.0,0.0,0.0,7.0,0.4272860139176696,0.0028617871288262094,0.0012228016149570435,0.002013043645199686,2.46155302032919e-06,26.000058400981136,0.022363830503326392
1159055000,상도제3동,687,713,1400,동작구,0.0,0.0,0.0,0.0,0.0,70.0,2.0,0.0,0.0,2.0,0.1602322552191261,0.0,0.0,0.0019197963918798097,0.0,71.00005840098113,0.021840562650622303
1154570000,시흥제4동,670,734,1404,금천구,0.0,0.0,0.0,0.0,0.0,68.0,2.0,0.0,0.0,2.0,0.1602322552191261,0.0,0.0,0.0019252815244280377,0.0,69.00005840098113,0.02128597985701387
1123053600,용신동,686,622,1308,동대문구,30.0,6.0,1.0,73.0,4.0,0.0,0.0,0.0,0.0,5.0,0.3204645104382522,0.0016712836832345063,0.000535587107351185,0.0017936383432705651,9.606495719064539e-07,37.00005840098114,0.021267538611174815
1156065000,신길제3동,622,552,1174,영등포구,0.0,0.0,0.0,99.0,4.0,40.0,1.0,0.0,0.0,5.0,0.3204645104382522,0.002266535406030358,0.0007263441592844838,0.0016098864029049263,1.1693315858615004e-06,41.00005840098114,0.021152399906428494
1114065000,신당제5동,337,258,595,중구,30.0,6.0,1.0,19.0,1.0,40.0,1.0,20.0,1.0,4.0,0.26705375869854353,0.00043499164358158383,0.00011616615342091914,0.0008159134665489191,9.478152893331571e-08,97.00005840098113,0.02113561025257163
1162073500,대학동,431,409,840,관악구,0.0,0.0,0.0,75.0,4.0,48.0,2.0,0.0,0.0,6.0,0.3738752621779609,0.0017170722772957257,0.0006419708478524478,0.0011518778351278858,7.39471990439491e-07,49.00005840098114,0.021102297903551986
1114062500,다산동,318,364,682,중구,0.0,0.0,0.0,85.0,4.0,59.0,2.0,0.0,0.0,6.0,0.3738752621779609,0.0019460152476018224,0.0007275669608994409,0.0009352150994728788,6.804316077107507e-07,60.00005840098114,0.02097924785061705
1132067000,쌍문제2동,601,596,1197,도봉구,0.0,0.0,0.0,94.0,5.0,33.0,1.0,0.0,0.0,6.0,0.3738752621779609,0.0021520639208773094,0.0008046034626417346,0.0016414259150572374,1.320696974924931e-06,34.00005840098114,0.020865446347495722
1132051300,창제3동,481,497,978,도봉구,0.0,0.0,0.0,133.0,8.0,28.0,1.0,0.0,0.0,9.0,0.5341075173970871,0.0030449415050710867,0.0016263261478928679,0.001341114908041753,2.1810902422772416e-06,29.000058400981136,0.020772728900870445
1174066000,성내제3동,661,769,1430,강동구,0.0,0.0,0.0,0.0,0.0,65.0,2.0,0.0,0.0,2.0,0.1602322552191261,0.0,0.0,0.00196093488599152,0.0,66.00005840098113,0.020737549611819946
1154564000,독산제4동,359,461,820,금천구,0.0,0.0,0.0,49.0,2.0,68.0,2.0,0.0,0.0,4.0,0.26705375869854353,0.0011218205544998741,0.0002995863956644757,0.0011244521723867457,3.3687057342243485e-07,69.00005840098113,0.020719970895953673
1141056500,충현동,426,511,937,서대문구,0.0,0.0,0.0,75.0,3.0,48.0,2.0,0.0,0.0,5.0,0.3204645104382522,0.0017170722772957257,0.0005502607267306696,0.0012848922994224156,7.070257704508195e-07,49.00005840098114,0.020176380750641033
1174056000,고덕제2동,1310,960,2270,강동구,0.0,0.0,0.0,46.0,3.0,23.0,1.0,0.0,0.0,4.0,0.26705375869854353,0.001053137663408045,0.00028124437144012003,0.003112812721119406,8.75461057162037e-07,24.000058400981136,0.019950968643244388
1120062000,금호4가동,676,519,1195,성동구,20.0,4.0,1.0,127.0,7.0,0.0,0.0,0.0,0.0,8.0,0.48069676565737834,0.0029075757228874287,0.0013976622458959007,0.0016386833487831234,2.290325849572436e-06,25.000058400981136,0.01969279064544056
1144060000,대흥동,320,381,701,마포구,0.0,0.0,0.0,105.0,7.0,41.0,1.0,0.0,0.0,8.0,0.48069676565737834,0.002403901188214016,0.0011555475261344063,0.0009612694790769619,1.1107925684958926e-06,42.00005840098114,0.019407350425607366
1171060000,석촌동,830,860,1690,송파구,0.0,0.0,0.0,80.0,4.0,25.0,1.0,0.0,0.0,5.0,0.3204645104382522,0.001831543762448774,0.0005869447751793808,0.0023174685016263416,1.3602260286723696e-06,26.000058400981136,0.019309370002020574
1165060000,방배1동,636,574,1210,서초구,0.0,0.0,0.0,87.0,4.0,35.0,1.0,0.0,0.0,5.0,0.3204645104382522,0.0019918038416630417,0.0006383024430075767,0.0016592525958389784,1.0591049854906831e-06,36.00005840098114,0.019142367603127184
1126060000,중화제1동,686,644,1330,중랑구,0.0,0.0,0.0,120.0,5.0,26.0,1.0,0.0,0.0,6.0,0.3738752621779609,0.002747315643673161,0.0010271533565639165,0.0018238065722858193,1.8733290424467104e-06,27.000058400981136,0.018410696152368497
1171065000,잠실본동,652,774,1426,송파구,20.0,4.0,1.0,106.0,5.0,0.0,0.0,0.0,0.0,6.0,0.3738752621779609,0.0024267954852446256,0.0009073187982981262,0.001955449753443292,1.7742163204265349e-06,25.000058400981136,0.018277399927734788
1141064000,홍제제3동,411,453,864,서대문구,0.0,0.0,0.0,88.0,5.0,40.0,1.0,0.0,0.0,6.0,0.3738752621779609,0.0020146981386936513,0.0007532457948135387,0.001184788630417254,8.924370536046884e-07,41.00005840098114,0.018161515422214582
1132068100,쌍문제4동,809,949,1758,도봉구,0.0,0.0,0.0,89.0,5.0,19.0,1.0,0.0,0.0,6.0,0.3738752621779609,0.002037592435724261,0.000761805406118238,0.0024107157549462183,1.8364962947324387e-06,20.000058400981136,0.01802619233555339
1171056100,방이1동,662,741,1403,송파구,20.0,4.0,1.0,98.0,5.0,0.0,0.0,0.0,0.0,6.0,0.3738752621779609,0.0022436411089997482,0.0008388419078605319,0.0019239102412909807,1.6138565373569426e-06,25.000058400981136,0.01798260315470681
1123054500,제기동,573,596,1169,동대문구,0.0,0.0,0.0,132.0,7.0,22.0,1.0,0.0,0.0,8.0,0.48069676565737834,0.003022047208040477,0.0014526883185689678,0.001603029987219641,2.328702936749734e-06,23.000058400981136,0.01772318559461192
1120067000,성수2가제1동,451,417,868,성동구,0.0,0.0,0.0,44.0,2.0,54.0,2.0,0.0,0.0,4.0,0.26705375869854353,0.0010073490693468256,0.00026901635529054954,0.001190273762965482,3.2020310951094147e-07,55.00005840098114,0.017482708089159995
1144058500,도화동,788,786,1574,마포구,0.0,0.0,0.0,78.0,3.0,29.0,1.0,0.0,0.0,4.0,0.26705375869854353,0.0017857551683875547,0.000476892629833247,0.002158399657727729,1.0293248890049568e-06,30.000058400981136,0.01729229590393123
1130559500,번1동,407,468,875,강북구,0.0,0.0,0.0,121.0,6.0,32.0,1.0,0.0,0.0,7.0,0.4272860139176696,0.0027702099407037706,0.001183671963278418,0.0011998727449248812,1.4202557276694987e-06,33.00005840098114,0.016918761740315785
1123074000,이문제1동,419,545,964,동대문구,0.0,0.0,0.0,0.0,0.0,78.0,2.0,0.0,0.0,2.0,0.1602322552191261,0.0,0.0,0.0013219169441229547,0.0,79.00005840098113,0.01673329729049636
1150059300,화곡제8동,765,748,1513,강서구,0.0,0.0,0.0,0.0,0.0,48.0,2.0,0.0,0.0,2.0,0.1602322552191261,0.0,0.0,0.0020747513863672517,0.0,49.00005840098114,0.016289682004119465
1150059100,화곡제6동,678,768,1446,강서구,0.0,0.0,0.0,59.0,3.0,29.0,1.0,0.0,0.0,4.0,0.26705375869854353,0.0013507635248059709,0.00036072647641232784,0.0019828754161844322,7.152756620448384e-07,30.000058400981136,0.01588606091301433
1171058000,송파1동,620,605,1225,송파구,20.0,4.0,1.0,104.0,5.0,0.0,0.0,0.0,0.0,6.0,0.3738752621779609,0.0023810068911834063,0.0008901995756887276,0.0016798218428948335,1.4953766917776374e-06,25.000058400981136,0.015701132476490264
1132052200,도봉제2동,869,823,1692,도봉구,20.0,4.0,1.0,75.0,3.0,0.0,0.0,0.0,0.0,4.0,0.26705375869854353,0.0017170722772957257,0.0004585506056088914,0.0023202110679004556,1.0639341903262066e-06,25.000058400981136,0.015490563352898851
1126055000,면목제5동,259,289,548,중랑구,0.0,0.0,0.0,0.0,0.0,95.0,3.0,0.0,0.0,3.0,0.2136430069588348,0.0,0.0,0.0007514631591072398,0.0,96.00005840098113,0.015412314873300472
1121576000,중곡제3동,435,440,875,광진구,0.0,0.0,0.0,125.0,6.0,29.0,1.0,0.0,0.0,7.0,0.4272860139176696,0.0028617871288262094,0.0012228016149570435,0.0011998727449248812,1.4672063302370854e-06,30.000058400981136,0.01538069521315357
1156061000,양평제1동,577,450,1027,영등포구,0.0,0.0,0.0,86.0,4.0,32.0,1.0,0.0,0.0,5.0,0.3204645104382522,0.001968909544632432,0.0006309656333178344,0.0014083077817575462,8.885938114230846e-07,33.00005840098114,0.014893344263403696
1138064000,증산동,439,566,1005,은평구,0.0,0.0,0.0,36.0,2.0,49.0,1.0,0.0,0.0,3.0,0.2136430069588348,0.0008241946931019483,0.00017608343255381427,0.001378139552742292,2.4266754298504116e-07,50.00005840098114,0.014721511097832105
1111057000,무악동,439,486,925,종로구,0.0,0.0,0.0,80.0,4.0,35.0,1.0,0.0,0.0,5.0,0.3204645104382522,0.001831543762448774,0.0005869447751793808,0.0012684369017777314,7.445024121431609e-07,36.00005840098114,0.014633628126357557
1135072000,상계10동,533,589,1122,노원구,20.0,4.0,1.0,111.0,5.0,0.0,0.0,0.0,0.0,6.0,0.3738752621779609,0.002541266970397674,0.0009501168548216228,0.0015385796797779618,1.4618304862430965e-06,25.000058400981136,0.014380955623364961
1165065200,양재2동,825,784,1609,서초구,0.0,0.0,0.0,107.0,4.0,19.0,1.0,0.0,0.0,5.0,0.3204645104382522,0.002449689782275235,0.0007850386368024218,0.0022063945675247242,1.7321049835378785e-06,20.000058400981136,0.014141464391957776
1111051500,청운효자동,517,582,1099,종로구,20.0,4.0,1.0,149.0,5.0,0.0,0.0,0.0,0.0,6.0,0.3738752621779609,0.003411250257560842,0.0012753820844001965,0.0015070401676256506,1.9220520302612237e-06,25.000058400981136,0.014086158850336981
1129052500,성북동,460,521,981,성북구,0.0,0.0,0.0,46.0,2.0,38.0,2.0,0.0,0.0,4.0,0.26705375869854353,0.001053137663408045,0.00028124437144012003,0.001345228757452924,3.7833801633302126e-07,39.00005840098114,0.014010708423958611
1171064200,문정2동,882,630,1512,송파구,25.0,5.0,1.0,37.0,2.0,0.0,0.0,0.0,0.0,3.0,0.2136430069588348,0.0008470889901325579,0.00018097463901364243,0.0020733801032301945,3.7522921572015315e-07,31.000058400981136,0.013731883823987401
1162061500,중앙동,229,231,460,관악구,0.0,0.0,0.0,77.0,4.0,56.0,2.0,0.0,0.0,6.0,0.3738752621779609,0.001762860871356945,0.0006590900704618464,0.0006307902430462232,4.157475857359805e-07,57.00005840098114,0.013442715220502216
1129058000,돈암제1동,455,548,1003,성북구,0.0,0.0,0.0,89.0,5.0,25.0,1.0,0.0,0.0,6.0,0.3738752621779609,0.002037592435724261,0.000761805406118238,0.001375396986468178,1.047784859850191e-06,26.000058400981136,0.013369929663134762
1132068000,쌍문제3동,476,436,912,도봉구,0.0,0.0,0.0,0.0,0.0,64.0,2.0,0.0,0.0,2.0,0.1602322552191261,0.0,0.0,0.0012506102209959903,0.0,65.00005840098113,0.013025237950029437
1121584700,자양제4동,384,362,746,광진구,0.0,0.0,0.0,0.0,0.0,78.0,2.0,0.0,0.0,2.0,0.1602322552191261,0.0,0.0,0.0010229772202445273,0.0,79.00005840098113,0.012949211388703617
1162074500,삼성동,573,684,1257,관악구,0.0,0.0,0.0,108.0,5.0,19.0,1.0,0.0,0.0,6.0,0.3738752621779609,0.0024725840793058448,0.0009244380209075248,0.0017237029032806579,1.593456500541326e-06,20.000058400981136,0.012889035134124352
1153059500,가리봉동,139,128,267,구로구,0.0,0.0,0.0,77.0,4.0,81.0,3.0,0.0,0.0,7.0,0.4272860139176696,0.001762860871356945,0.0007532457948135388,0.0003661325975942209,2.757878394820045e-07,82.00005840098113,0.012828362868135698
1162066500,서림동,487,471,958,관악구,0.0,0.0,0.0,82.0,4.0,29.0,1.0,0.0,0.0,5.0,0.3204645104382522,0.0018773323565099934,0.0006016183945588653,0.0013136892453006128,7.903396147070021e-07,30.000058400981136,0.012629748012172386
1171055000,마천2동,561,627,1188,송파구,0.0,0.0,0.0,46.0,2.0,35.0,1.0,0.0,0.0,3.0,0.2136430069588348,0.001053137663408045,0.00022499549715209602,0.0016290843668237242,3.665366470162114e-07,36.00005840098114,0.012529549703865066
1159062000,사당제1동,420,380,800,동작구,0.0,0.0,0.0,100.0,5.0,29.0,1.0,0.0,0.0,6.0,0.3738752621779609,0.0022894297030609675,0.0008559611304699304,0.0010970265096456055,9.390120513517345e-07,30.000058400981136,0.012304556170522854
1117056000,원효로제1동,657,426,1083,용산구,25.0,5.0,1.0,73.0,3.0,0.0,0.0,0.0,0.0,4.0,0.26705375869854353,0.0016712836832345063,0.0004463225894593209,0.0014850996374327385,6.628335157840784e-07,31.000058400981136,0.012294667808679195
1174059000,암사제3동,1294,1011,2305,강동구,0.0,0.0,0.0,0.0,0.0,35.0,1.0,0.0,0.0,1.0,0.1068215034794174,0.0,0.0,0.003160807630916401,0.0,36.00005840098114,0.012155139759010513
1156068000,신길제6동,522,459,981,영등포구,0.0,0.0,0.0,67.0,3.0,29.0,1.0,0.0,0.0,4.0,0.26705375869854353,0.0015339179010508482,0.00040963854101060956,0.001345228757452924,5.510575455285309e-07,30.000058400981136,0.010777472860074038
1121573000,군자동,514,481,995,광진구,0.0,0.0,0.0,52.0,3.0,27.0,1.0,0.0,0.0,4.0,0.26705375869854353,0.0011905034455917032,0.00031792841988883137,0.0013644267213717219,4.3379003157981033e-07,28.000058400981136,0.010202529243383475
1159063000,사당제2동,916,790,1706,동작구,0.0,0.0,0.0,53.0,2.0,19.0,1.0,0.0,0.0,3.0,0.2136430069588348,0.0012133977426223128,0.0002592339423708932,0.002339409031819254,6.064542261365796e-07,20.000058400981136,0.009995996790006203
1129062000,정릉제1동,839,837,1676,성북구,0.0,0.0,0.0,0.0,0.0,39.0,1.0,0.0,0.0,1.0,0.1068215034794174,0.0,0.0,0.0022982705377075437,0.0,40.00005840098114,0.009820202907330941
1162062500,인헌동,691,703,1394,관악구,0.0,0.0,0.0,0.0,0.0,45.0,1.0,0.0,0.0,1.0,0.1068215034794174,0.0,0.0,0.0019115686930574677,0.0,46.00005840098114,0.009393057447927075
1120066000,성수1가제2동,413,437,850,성동구,15.0,3.0,1.0,0.0,0.0,29.0,1.0,0.0,0.0,2.0,0.1602322552191261,0.0,0.0,0.001165590666498456,0.0,48.00005840098114,0.008964741522731929
1171051000,풍납1동,344,438,782,송파구,0.0,0.0,0.0,77.0,3.0,29.0,1.0,0.0,0.0,4.0,0.26705375869854353,0.001762860871356945,0.00047077862175846176,0.0010723434131785794,5.048363541079763e-07,30.000058400981136,0.008591216897632922
1117068500,한남동,589,532,1121,용산구,20.0,4.0,1.0,54.0,2.0,0.0,0.0,0.0,0.0,3.0,0.2136430069588348,0.0012362920396529224,0.0002641251488307214,0.0015372083966409048,4.0601539654661356e-07,25.000058400981136,0.008210364784207854
1156071000,대림제2동,257,261,518,영등포구,0.0,0.0,0.0,120.0,6.0,26.0,1.0,0.0,0.0,7.0,0.4272860139176696,0.002747315643673161,0.0011738895503587618,0.0007103246649955296,8.338427016003404e-07,27.000058400981136,0.00819483618210688
1117055500,청파동,409,484,893,용산구,0.0,0.0,0.0,80.0,4.0,19.0,1.0,0.0,0.0,5.0,0.3204645104382522,0.001831543762448774,0.0005869447751793808,0.0012245558413919073,7.187466530203705e-07,20.000058400981136,0.007848556682422807
1120079000,용답동,272,280,552,성동구,0.0,0.0,0.0,47.0,3.0,35.0,1.0,0.0,0.0,4.0,0.26705375869854353,0.0010760319604386547,0.0002873583795149052,0.0007569482916554678,2.1751543446669108e-07,36.00005840098114,0.007277263716891326
1129060000,안암동,265,292,557,성북구,0.0,0.0,0.0,33.0,2.0,43.0,1.0,0.0,0.0,3.0,0.2136430069588348,0.0007555118020101193,0.00016140981317432974,0.0007638047073407529,1.2328557511354453e-07,44.00005840098114,0.007179997043807729
1174065000,성내제2동,560,549,1109,강동구,0.0,0.0,0.0,0.0,0.0,43.0,1.0,0.0,0.0,1.0,0.1068215034794174,0.0,0.0,0.0015207529989962208,0.0,44.00005840098114,0.007147770845226904
1111068000,창신제2동,139,192,331,종로구,0.0,0.0,0.0,0.0,0.0,70.0,3.0,0.0,0.0,3.0,0.2136430069588348,0.0,0.0,0.00045389471836586933,0.0,71.00005840098113,0.006884977368910461
1126061000,중화제2동,547,501,1048,중랑구,0.0,0.0,0.0,0.0,0.0,40.0,1.0,0.0,0.0,1.0,0.1068215034794174,0.0,0.0,0.0014371047276357434,0.0,41.00005840098114,0.0062940701595505565
1129068500,길음제2동,780,635,1415,성북구,0.0,0.0,0.0,0.0,0.0,27.0,1.0,0.0,0.0,1.0,0.1068215034794174,0.0,0.0,0.001940365638935665,0.0,28.000058400981136,0.005803649800758841
1144066000,서교동,455,522,977,마포구,0.0,0.0,0.0,45.0,2.0,19.0,1.0,0.0,0.0,3.0,0.2136430069588348,0.0010302433663774355,0.00022010429069226786,0.001339743624904696,2.9488332026913586e-07,20.000058400981136,0.005724553847500622
1159052000,노량진제2동,196,220,416,동작구,30.0,6.0,1.0,0.0,0.0,25.0,1.0,0.0,0.0,2.0,0.1602322552191261,0.0,0.0,0.0005704537850157149,0.0,62.00005840098114,0.005667121319371296
1121581000,광장동,2432,3039,5471,광진구,0.0,0.0,0.0,310.0,13.0,0.0,0.0,0.0,0.0,13.0,0.7477505243559218,0.007097232079488999,0.005306959008913569,0.007502290042838885,3.981434573032638e-05,1.0000584009811364,0.00561016893363971
1120072000,송정동,300,256,556,성동구,0.0,0.0,0.0,47.0,2.0,33.0,1.0,0.0,0.0,3.0,0.2136430069588348,0.0010760319604386547,0.00022988670361192418,0.0007624334242036959,1.752733066137395e-07,34.00005840098114,0.005538220870847414
1147053000,목3동,647,611,1258,양천구,0.0,0.0,0.0,0.0,0.0,29.0,1.0,0.0,0.0,1.0,0.1068215034794174,0.0,0.0,0.0017250741864177149,0.0,30.000058400981136,0.005528261308042054
1144069000,망원제1동,590,622,1212,마포구,25.0,5.0,1.0,0.0,0.0,0.0,0.0,0.0,0.0,1.0,0.1068215034794174,0.0,0.0,0.0016619951621130924,0.0,31.000058400981136,0.005503651850090188
1171064700,위례동,2545,2091,4636,송파구,0.0,0.0,0.0,266.0,15.0,0.0,0.0,0.0,0.0,15.0,0.8545720278353393,0.0060898830101421735,0.005204243673257177,0.006357268623396284,3.308477501250648e-05,1.0000584009811364,0.005433061216566039
1138063100,신사제1동,888,935,1823,은평구,0.0,0.0,0.0,0.0,0.0,19.0,1.0,0.0,0.0,1.0,0.1068215034794174,0.0,0.0,0.0024998491588549237,0.0,20.000058400981136,0.005340768507673303
1147055000,목5동,2586,4005,6591,양천구,0.0,0.0,0.0,237.0,10.0,0.0,0.0,0.0,0.0,10.0,0.5875182691367957,0.005425948396254493,0.003187843810193012,0.009038127156342734,2.8812137711084555e-05,1.0000584009811364,0.005310374936128321
1174062000,천호제3동,647,550,1197,강동구,0.0,0.0,0.0,0.0,0.0,29.0,1.0,0.0,0.0,1.0,0.1068215034794174,0.0,0.0,0.0016414259150572374,0.0,30.000058400981136,0.005260197762898521
1117070000,보광동,257,318,575,용산구,0.0,0.0,1.0,0.0,0.0,37.0,1.0,0.0,0.0,2.0,0.1602322552191261,0.0,0.0,0.0007884878038077791,0.0,38.00005840098114,0.004800972181090871
1121585000,구의제1동,458,491,949,광진구,0.0,0.0,0.0,0.0,0.0,33.0,1.0,0.0,0.0,1.0,0.1068215034794174,0.0,0.0,0.0013013476970670996,0.0,34.00005840098114,0.004726413315138666
1141065500,홍제제2동,491,503,994,서대문구,0.0,0.0,0.0,0.0,0.0,31.0,1.0,0.0,0.0,1.0,0.1068215034794174,0.0,0.0,0.0013630554382346649,0.0,32.00005840098113,0.004659324703011659
1162072500,조원동,391,393,784,관악구,0.0,0.0,0.0,45.0,2.0,19.0,1.0,0.0,0.0,3.0,0.2136430069588348,0.0010302433663774355,0.00022010429069226786,0.0010750859794526936,2.3663103694063718e-07,20.000058400981136,0.004593705441597224
1156058500,도림동,503,413,916,영등포구,0.0,0.0,0.0,0.0,0.0,33.0,1.0,0.0,0.0,1.0,0.1068215034794174,0.0,0.0,0.0012560953535442185,0.0,34.00005840098114,0.004562059638216036
1156066000,신길제4동,174,293,467,영등포구,0.0,0.0,0.0,57.0,3.0,25.0,1.0,0.0,0.0,4.0,0.26705375869854353,0.0013049749307447514,0.0003484984602627574,0.0006403892250056223,2.2317465888331988e-07,26.000058400981136,0.004446487076402174
1123072000,휘경제1동,362,303,665,동대문구,0.0,0.0,0.0,0.0,0.0,42.0,1.0,0.0,0.0,1.0,0.1068215034794174,0.0,0.0,0.0009119032861429096,0.0,43.00005840098114,0.004188673531196069
1111064000,이화동,152,203,355,종로구,0.0,0.0,0.0,0.0,0.0,48.0,2.0,0.0,0.0,2.0,0.1602322552191261,0.0,0.0,0.00048680551365523747,0.0,49.00005840098114,0.003822099875388242
1171067000,잠실2동,2964,3333,6297,송파구,0.0,0.0,0.0,127.0,7.0,0.0,0.0,0.0,0.0,7.0,0.4272860139176696,0.0029075757228874287,0.0012423664407963562,0.008634969914047974,1.0727796838499399e-05,1.0000584009811364,0.0036898173512420565
1111063000,종로5.6가동,64,82,146,종로구,0.0,0.0,0.0,47.0,2.0,68.0,2.0,0.0,0.0,4.0,0.26705375869854353,0.0010760319604386547,0.0002873583795149052,0.000200207338010323,5.753125621763931e-08,69.00005840098113,0.0036891655497673617
1153051000,신도림동,2010,1839,3849,구로구,0.0,0.0,0.0,236.0,11.0,0.0,0.0,0.0,0.0,11.0,0.6409290208765044,0.0054030540992238835,0.003462974173558347,0.00527806879453242,1.827781592173001e-05,1.0000584009811364,0.0033830650273774833
1111069000,창신제3동,191,258,449,종로구,0.0,0.0,0.0,60.0,3.0,19.0,1.0,0.0,0.0,4.0,0.26705375869854353,0.0013736578218365805,0.0003668404844871131,0.0006157061285385962,2.2586593449478333e-07,20.000058400981136,0.003288542320276074
1154551000,가산동,321,306,627,금천구,0.0,0.0,0.0,0.0,0.0,33.0,1.0,0.0,0.0,1.0,0.1068215034794174,0.0,0.0,0.0008597945269347433,0.0,34.00005840098114,0.003122719861529972
1120055000,사근동,210,233,443,성동구,15.0,3.0,1.0,46.0,3.0,0.0,0.0,0.0,0.0,4.0,0.26705375869854353,0.001053137663408045,0.00028124437144012003,0.0006074784297162541,1.70849889128979e-07,19.000058400981136,0.0030823680360522895
1117059000,용문동,407,377,784,용산구,20.0,4.0,1.0,0.0,0.0,0.0,0.0,0.0,0.0,1.0,0.1068215034794174,0.0,0.0,0.0010750859794526936,0.0,25.000058400981136,0.002871064224272506
1126059000,상봉제2동,355,345,700,중랑구,0.0,0.0,0.0,0.0,0.0,26.0,1.0,0.0,0.0,1.0,0.1068215034794174,0.0,0.0,0.0009598981959399049,0.0,27.000058400981136,0.0027685257371982703
1130563500,수유3동,468,473,941,강북구,0.0,0.0,0.0,0.0,0.0,19.0,1.0,0.0,0.0,1.0,0.1068215034794174,0.0,0.0,0.0012903774319706436,0.0,20.000058400981136,0.0027568091967748645
1130560300,번2동,432,486,918,강북구,0.0,0.0,0.0,0.0,0.0,19.0,1.0,0.0,0.0,1.0,0.1068215034794174,0.0,0.0,0.0012588379198183325,0.0,20.000058400981136,0.002689427037873885
1114061500,신당동,124,118,242,중구,30.0,6.0,1.0,28.0,2.0,0.0,0.0,0.0,0.0,3.0,0.2136430069588348,0.0006410403168570709,0.00013695378087518888,0.0003318505191677957,4.544818328542396e-08,37.00005840098114,0.0026232132231928163
1111058000,교남동,455,430,885,종로구,0.0,0.0,0.0,0.0,0.0,19.0,1.0,0.0,0.0,1.0,0.1068215034794174,0.0,0.0,0.0012135855762954511,0.0,20.000058400981136,0.002592748288146392
1147051000,목1동,2152,2725,4877,양천구,0.0,0.0,0.0,116.0,6.0,0.0,0.0,0.0,0.0,6.0,0.3738752621779609,0.0026557384555507225,0.0009929149113451193,0.006687747859427023,6.640364572941494e-06,1.0000584009811364,0.0025005295091720774
1171068000,잠실3동,2066,2033,4099,송파구,0.0,0.0,0.0,121.0,7.0,0.0,0.0,0.0,0.0,7.0,0.4272860139176696,0.0027702099407037706,0.001183671963278418,0.005620889578796672,6.6532894031054565e-06,1.0000584009811364,0.0024018677660379846
1111067000,창신제1동,83,91,174,종로구,0.0,0.0,0.0,73.0,3.0,35.0,1.0,0.0,0.0,4.0,0.26705375869854353,0.0016712836832345063,0.0004463225894593209,0.00023860326584791922,1.0649402746669405e-07,36.00005840098114,0.002293920084672266
1165053100,서초4동,2090,2226,4316,서초구,0.0,0.0,0.0,119.0,6.0,0.0,0.0,0.0,0.0,6.0,0.3738752621779609,0.0027244213466425513,0.0010185937452592171,0.005918458019538042,6.028504320280703e-06,1.0000584009811364,0.00221289427139362
1171069000,잠실4동,1882,1339,3221,송파구,0.0,0.0,0.0,119.0,8.0,0.0,0.0,0.0,0.0,8.0,0.48069676565737834,0.0027244213466425513,0.0013096205296189937,0.004416902984460619,5.78446682578503e-06,1.0000584009811364,0.0021233149752889462
1159065000,사당제4동,379,324,703,동작구,0.0,0.0,0.0,0.0,0.0,19.0,1.0,0.0,0.0,1.0,0.1068215034794174,0.0,0.0,0.000964012045351076,0.0,20.000058400981136,0.0020595503351038573
1168061000,대치2동,1461,2912,4373,강남구,0.0,0.0,0.0,103.0,5.0,0.0,0.0,0.0,0.0,5.0,0.3204645104382522,0.0023581125941527967,0.0007556913980434529,0.005996621158350292,4.531595026690682e-06,1.0000584009811364,0.0019218164932088507
1117064000,이촌제2동,246,247,493,용산구,20.0,4.0,1.0,0.0,0.0,0.0,0.0,0.0,0.0,1.0,0.1068215034794174,0.0,0.0,0.0006760425865691044,0.0,25.000058400981136,0.0018054013553142159
1123065000,장안제1동,1365,1261,2626,동대문구,0.0,0.0,0.0,188.0,8.0,0.0,0.0,0.0,0.0,8.0,0.48069676565737834,0.004304127841754619,0.0020689803325073175,0.0036009895179117003,7.450376490124315e-06,1.0000584009811364,0.0017310851055910503
1171064600,장지동,1290,1284,2574,송파구,0.0,0.0,0.0,179.0,8.0,0.0,0.0,0.0,0.0,8.0,0.48069676565737834,0.004098079168479132,0.001969933401695797,0.003529682794784736,6.9532400348374224e-06,1.0000584009811364,0.0016968061926090495
1147062000,신정1동,1288,1591,2879,양천구,0.0,0.0,0.0,181.0,7.0,0.0,0.0,0.0,0.0,7.0,0.4272860139176696,0.004143867762540351,0.0017706167384577988,0.003947924151587123,6.990260584961965e-06,1.0000584009811364,0.001686991290174032
1135062100,중계1동,1621,2918,4539,노원구,0.0,0.0,0.0,118.0,4.0,0.0,0.0,0.0,0.0,4.0,0.26705375869854353,0.0027015270496119417,0.0007214529528246557,0.006224254159101755,4.490506542215105e-06,1.0000584009811364,0.0016623075430053688
1111070000,숭인제1동,192,177,369,종로구,0.0,0.0,0.0,0.0,0.0,29.0,1.0,0.0,0.0,1.0,0.1068215034794174,0.0,0.0,0.0005060034775740355,0.0,30.000058400981136,0.0016215647239010476
1144056500,공덕동,1142,1019,2161,마포구,0.0,0.0,0.0,170.0,9.0,0.0,0.0,0.0,0.0,9.0,0.5341075173970871,0.003892030495203645,0.002078762745426974,0.002963342859180192,6.160086737590835e-06,1.0000584009811364,0.001582836131497952
1168065500,도곡1동,1201,1190,2391,강남구,0.0,0.0,0.0,153.0,8.0,0.0,0.0,0.0,0.0,8.0,0.48069676565737834,0.0035028274456832802,0.001683797823795849,0.0032787379807033036,5.520731876705019e-06,1.0000584009811364,0.0015761707873070074
1130557500,삼각산동,2002,2026,4028,강북구,0.0,0.0,0.0,90.0,4.0,0.0,0.0,0.0,0.0,4.0,0.26705375869854353,0.002060486732754871,0.0005502607267306697,0.005523528476065624,3.039380793357419e-06,1.0000584009811364,0.0014751651868750001
1171063100,가락1동,1673,1168,2841,송파구,0.0,0.0,0.0,98.0,6.0,0.0,0.0,0.0,0.0,6.0,0.3738752621779609,0.0022436411089997482,0.0008388419078605319,0.003895815392378957,3.267973216415591e-06,1.0000584009811364,0.0014566340651133629
1174064000,성내제1동,856,806,1662,강동구,0.0,0.0,0.0,252.0,10.0,0.0,0.0,0.0,0.0,10.0,0.5875182691367957,0.005769362851713638,0.0033896060766609244,0.0022790725737887457,7.725158245265585e-06,1.0000584009811364,0.0013390749725148336
1154568000,시흥제2동,1006,1085,2091,금천구,0.0,0.0,0.0,127.0,7.0,0.0,0.0,0.0,0.0,7.0,0.4272860139176696,0.0029075757228874287,0.0012423664407963562,0.0028673530395862015,3.5623031902973226e-06,1.0000584009811364,0.001225251402484856
1168067000,개포2동,936,1135,2071,강남구,0.0,0.0,0.0,145.0,7.0,0.0,0.0,0.0,0.0,7.0,0.4272860139176696,0.003319673069438403,0.0014184498733501704,0.0028399273768450616,4.028294628009559e-06,1.0000584009811364,0.0012135321159952833
1174054000,명일제2동,851,1217,2068,강동구,0.0,0.0,0.0,179.0,7.0,0.0,0.0,0.0,0.0,7.0,0.4272860139176696,0.004098079168479132,0.0017510519126184862,0.0028358135274338904,4.96565670104249e-06,1.0000584009811364,0.0012117742230218472
1159064000,사당제3동,1199,815,2014,동작구,0.0,0.0,0.0,170.0,7.0,0.0,0.0,0.0,0.0,7.0,0.4272860139176696,0.003892030495203645,0.0016630101963415792,0.002761764238032812,4.592842087740099e-06,1.0000584009811364,0.0011801321495000002
1117063000,이촌제1동,1664,1537,3201,용산구,0.0,0.0,0.0,114.0,4.0,0.0,0.0,0.0,0.0,4.0,0.26705375869854353,0.002609949861489503,0.0006969969205255148,0.004389477321719479,3.0594521759550618e-06,1.0000584009811364,0.0011722948766600982
1165066000,내곡동,1303,687,1990,서초구,0.0,0.0,0.0,174.0,7.0,0.0,0.0,0.0,0.0,7.0,0.4272860139176696,0.003983607683326083,0.0017021398480202045,0.0027288534427434437,4.6448901843007375e-06,1.0000584009811364,0.0011660690057125125
1141069000,남가좌제1동,1365,817,2182,서대문구,0.0,0.0,0.0,134.0,6.0,0.0,0.0,0.0,0.0,6.0,0.3738752621779609,0.0030678358021016964,0.0011469879148297067,0.0029921398050583893,3.431948195882887e-06,1.0000584009811364,0.0011187523865108617
1165054000,잠원동,1566,1980,3546,서초구,0.0,0.0,0.0,95.0,3.0,0.0,0.0,0.0,0.0,3.0,0.2136430069588348,0.002174958217907919,0.0004646646136836765,0.004862570004004147,2.2594642124204205e-06,1.0000584009811364,0.0010389147473006456
1168059000,삼성2동,1532,1817,3349,강남구,0.0,0.0,0.0,70.0,3.0,0.0,0.0,0.0,0.0,3.0,0.2136430069588348,0.0016026007921426772,0.00034238445218797217,0.004592427226003917,1.5723756799884796e-06,1.0000584009811364,0.0009811972613394987
1144059000,용강동,1415,1178,2593,마포구,0.0,0.0,0.0,84.0,4.0,0.0,0.0,0.0,0.0,4.0,0.26705375869854353,0.0019231209505712126,0.0005135766782819582,0.003555737174388819,1.8261436868662858e-06,1.0000584009811364,0.0009496284333582113
1165058000,반포3동,1134,1417,2551,서초구,0.0,0.0,0.0,63.0,4.0,0.0,0.0,0.0,0.0,4.0,0.26705375869854353,0.0014423407129284095,0.0003851825087114687,0.003498143282632425,1.3474236054365296e-06,1.0000584009811364,0.0009342468698406468
1150064100,방화제3동,770,802,1572,강서구,0.0,0.0,0.0,155.0,7.0,0.0,0.0,0.0,0.0,7.0,0.4272860139176696,0.0035486160397444995,0.0015162740025467338,0.002155657091453615,3.2685668061766237e-06,1.0000584009811364,0.0009211359180804371
1120057000,행당제2동,1001,1071,2072,성동구,0.0,0.0,0.0,99.0,5.0,0.0,0.0,0.0,0.0,5.0,0.3204645104382522,0.002266535406030358,0.0007263441592844838,0.0028412986599821183,2.063760686460842e-06,1.0000584009811364,0.0009105885602398213
1171056600,오륜동,1007,1453,2460,송파구,0.0,0.0,0.0,87.0,4.0,0.0,0.0,0.0,0.0,4.0,0.26705375869854353,0.0019918038416630417,0.0005319187025063139,0.003373356517160237,1.7943514216990912e-06,1.0000584009811364,0.0009009201488859236
1129063000,정릉제2동,864,819,1683,성북구,0.0,0.0,0.0,125.0,6.0,0.0,0.0,0.0,0.0,6.0,0.3738752621779609,0.0028617871288262094,0.001069951413087413,0.002307869519666943,2.4693082537890146e-06,1.0000584009811364,0.0008629057133353713
1150055000,화곡제2동,759,708,1467,강서구,0.0,0.0,0.0,161.0,7.0,0.0,0.0,0.0,0.0,7.0,0.4272860139176696,0.0036859818219281575,0.001574968480064672,0.0020116723620626294,3.168320562465888e-06,1.0000584009811364,0.0008596096640101789
1174058000,암사제2동,663,500,1163,강동구,0.0,0.0,0.0,225.0,9.0,0.0,0.0,0.0,0.0,9.0,0.5341075173970871,0.005151216831887177,0.002751303633653348,0.001594802288397299,4.387785331026164e-06,1.0000584009811364,0.0008518456367108367
1165051000,서초1동,940,985,1925,서초구,0.0,0.0,0.0,88.0,5.0,0.0,0.0,0.0,0.0,5.0,0.3204645104382522,0.0020146981386936513,0.0006456392526973188,0.0026397200388347383,1.704306873203398e-06,1.0000584009811364,0.0008459859934660501
1150053000,등촌제2동,765,676,1441,강서구,0.0,0.0,0.0,133.0,7.0,0.0,0.0,0.0,0.0,7.0,0.4272860139176696,0.0030449415050710867,0.0013010609183142943,0.001976019000499147,2.5709210953959144e-06,1.0000584009811364,0.000844374591573734
1165057000,반포2동,1291,1565,2856,서초구,0.0,0.0,0.0,55.0,3.0,0.0,0.0,0.0,0.0,3.0,0.2136430069588348,0.0012591863366835322,0.0002690163552905496,0.003916384639434812,1.0535715216166462e-06,1.0000584009811364,0.0008367570553555114
1121587000,구의제3동,1022,1163,2185,광진구,0.0,0.0,0.0,100.0,4.0,0.0,0.0,0.0,0.0,4.0,0.26705375869854353,0.0022894297030609675,0.0006114008074785218,0.00299625365446956,1.8319119037531608e-06,1.0000584009811364,0.0008002075306161557
1123075000,이문제2동,782,901,1683,동대문구,0.0,0.0,0.0,106.0,5.0,0.0,0.0,0.0,0.0,5.0,0.3204645104382522,0.0024267954852446256,0.0007777018271126796,0.002307869519666943,1.7948343421826436e-06,1.0000584009811364,0.0007396334685731753
1144055500,아현동,1183,821,2004,마포구,0.0,0.0,0.0,71.0,4.0,0.0,0.0,0.0,0.0,4.0,0.26705375869854353,0.0016254950891732868,0.0004340945733097504,0.002748051406662242,1.1929142028083054e-06,1.0000584009811364,0.0007339203164095085
1120053500,왕십리도선동,1231,749,1980,성동구,0.0,0.0,0.0,50.0,4.0,0.0,0.0,0.0,0.0,4.0,0.26705375869854353,0.0011447148515304837,0.0003057004037392609,0.0027151406113728738,8.300195811055512e-07,1.0000584009811364,0.0007251308515423288
1117053000,남영동,113,101,214,용산구,0.0,0.0,0.0,0.0,0.0,22.0,1.0,0.0,0.0,1.0,0.1068215034794174,0.0,0.0,0.0002934545913301995,0.0,23.000058400981136,0.000720988825633866
1130561500,수유1동,609,607,1216,강북구,0.0,0.0,0.0,144.0,7.0,0.0,0.0,0.0,0.0,7.0,0.4272860139176696,0.0032967787724077933,0.0014086674604305142,0.0016674802946613206,2.3489252319984877e-06,1.0000584009811364,0.0007125326185660379
1126063000,묵제2동,593,601,1194,중랑구,0.0,0.0,0.0,147.0,7.0,0.0,0.0,0.0,0.0,7.0,0.4272860139176696,0.003365461663499622,0.001438014699189483,0.0016373120656460664,2.3544788175593393e-06,1.0000584009811364,0.0006996414034275076
1165059000,방배본동,1028,1313,2341,서초구,0.0,0.0,0.0,83.0,3.0,0.0,0.0,0.0,0.0,3.0,0.2136430069588348,0.001900226653540603,0.0004059701361657384,0.0032101738238504533,1.3032347043842577e-06,1.0000584009811364,0.0006858712418022593
1144065500,서강동,1036,819,1855,마포구,0.0,0.0,0.0,90.0,4.0,0.0,0.0,0.0,0.0,4.0,0.26705375869854353,0.002060486732754871,0.0005502607267306697,0.002543730219240748,1.3997148390461797e-06,1.0000584009811364,0.0006793523886924343
1168060000,대치1동,1620,2930,4550,강남구,0.0,0.0,0.0,22.0,1.0,0.0,0.0,0.0,0.0,1.0,0.1068215034794174,0.0005036745346734128,5.380327105810991e-05,0.006239338273609382,3.356968083582451e-07,1.0000584009811364,0.0006665344190944639
1171059000,송파2동,938,874,1812,송파구,0.0,0.0,0.0,93.0,4.0,0.0,0.0,0.0,0.0,4.0,0.26705375869854353,0.0021291696238466998,0.0005686027509550252,0.0024847650443472966,1.412844239692758e-06,1.0000584009811364,0.0006636045974720706
1135062400,중계4동,765,1016,1781,노원구,0.0,0.0,0.0,99.0,4.0,0.0,0.0,0.0,0.0,4.0,0.26705375869854353,0.002266535406030358,0.0006052867994037366,0.0024422552670985294,1.4782648739489868e-06,1.0000584009811364,0.0006522515386852967
1141068500,홍은제2동,802,952,1754,서대문구,0.0,0.0,0.0,91.0,4.0,0.0,0.0,0.0,0.0,4.0,0.26705375869854353,0.0020833810297854805,0.0005563747348054549,0.0024052306223979903,1.338209549682641e-06,1.0000584009811364,0.0006423633907097195
1168065600,도곡2동,1960,2335,4295,강남구,0.0,0.0,0.0,19.0,1.0,0.0,0.0,0.0,0.0,1.0,0.1068215034794174,0.00043499164358158383,4.6466461368367656e-05,0.005889661073659845,2.7367170875199393e-07,1.0000584009811364,0.0006291791934089499
1168063000,대치4동,493,915,1408,강남구,0.0,0.0,0.0,119.0,5.0,0.0,0.0,0.0,0.0,5.0,0.3204645104382522,0.0027244213466425513,0.0008730803530793289,0.001930766656976266,1.685714434586634e-06,1.0000584009811364,0.000618778326649454
1171071000,잠실6동,822,867,1689,송파구,0.0,0.0,0.0,60.0,4.0,0.0,0.0,0.0,0.0,4.0,0.26705375869854353,0.0013736578218365805,0.0003668404844871131,0.002316097218489285,8.496382257498642e-07,1.0000584009811364,0.0006185585900277744
1121575000,중곡제2동,711,687,1398,광진구,0.0,0.0,0.0,104.0,5.0,0.0,0.0,0.0,0.0,5.0,0.3204645104382522,0.0023810068911834063,0.0007630282077331951,0.0019170538256056957,1.4627661446799792e-06,1.0000584009811364,0.000614383594215864
1165052000,서초2동,818,829,1647,서초구,0.0,0.0,0.0,112.0,4.0,0.0,0.0,0.0,0.0,4.0,0.26705375869854353,0.0025641612674282836,0.0006847689043759445,0.0022585033267328906,1.5465528485763072e-06,1.0000584009811364,0.0006031770265102098
1120059000,금호1가동,640,506,1146,성동구,0.0,0.0,0.0,111.0,6.0,0.0,0.0,0.0,0.0,6.0,0.3738752621779609,0.002541266970397674,0.0009501168548216228,0.00157149047506733,1.4930995875531094e-06,1.0000584009811364,0.0005875757263709658
1141066000,홍은제1동,776,792,1568,서대문구,0.0,0.0,0.0,92.0,4.0,0.0,0.0,0.0,0.0,4.0,0.26705375869854353,0.00210627532681609,0.0005624887428802401,0.002150171958905387,1.2094475221410344e-06,1.0000584009811364,0.0005742450379890765
1141055500,북아현동,734,517,1251,서대문구,0.0,0.0,0.0,98.0,5.0,0.0,0.0,0.0,0.0,5.0,0.3204645104382522,0.0022436411089997482,0.0007190073495947415,0.0017154752044583157,1.233439280053071e-06,1.0000584009811364,0.0005497810274420929
1168051000,신사동,608,814,1422,강남구,0.0,0.0,0.0,71.0,4.0,0.0,0.0,0.0,0.0,4.0,0.26705375869854353,0.0016254950891732868,0.0004340945733097504,0.0019499646208950639,8.464690600765519e-07,1.0000584009811364,0.0005207757933803997
1147059000,신월4동,937,829,1766,양천구,0.0,0.0,0.0,69.0,3.0,0.0,0.0,0.0,0.0,3.0,0.2136430069588348,0.0015797064951120676,0.000337493245728144,0.0024216860200426743,8.173026750386734e-07,1.0000584009811364,0.0005174064985146475
1141061500,연희동,1032,1200,2232,서대문구,0.0,0.0,0.0,48.0,2.0,0.0,0.0,0.0,0.0,2.0,0.1602322552191261,0.0010989262574692645,0.00017608343255381427,0.0030607039619112396,5.389392596443899e-07,1.0000584009811364,0.0004904521395886297
1144072000,성산제1동,610,700,1310,마포구,0.0,0.0,0.0,92.0,4.0,0.0,0.0,0.0,0.0,4.0,0.26705375869854353,0.00210627532681609,0.0005624887428802401,0.0017963809095446791,1.0104440395438488e-06,1.0000584009811364,0.00047975829066689425
1165053000,서초3동,913,1119,2032,서초구,0.0,0.0,0.0,34.0,2.0,0.0,0.0,0.0,0.0,2.0,0.1602322552191261,0.000778406099040729,0.00012472576472561842,0.002786447334499838,3.475417746631534e-07,1.0000584009811364,0.0004465048152527309
1168053100,논현2동,629,554,1183,강남구,0.0,0.0,0.0,86.0,4.0,0.0,0.0,0.0,0.0,4.0,0.26705375869854353,0.001968909544632432,0.0005258046944315287,0.0016222279511384392,8.529750721466319e-07,1.0000584009811364,0.00043324737241140146
1117062500,한강로동,410,419,829,용산구,0.0,0.0,0.0,120.0,6.0,0.0,0.0,0.0,0.0,6.0,0.3738752621779609,0.002747315643673161,0.0010271533565639165,0.0011367937206202589,1.167661485855882e-06,1.0000584009811364,0.00042504387186870045
1168054500,압구정동,1399,1442,2841,강남구,0.0,0.0,0.0,15.0,1.0,0.0,0.0,0.0,0.0,1.0,0.1068215034794174,0.0003434144554591451,3.668404844871131e-05,0.003895815392378957,1.429142806012649e-07,1.0000584009811364,0.00041618116146096087
1129059000,돈암제2동,1337,1445,2782,성북구,0.0,0.0,0.0,12.0,1.0,0.0,0.0,0.0,0.0,1.0,0.1068215034794174,0.00027473156436731613,2.9347238758969046e-05,0.0038149096872925935,1.1195706543687969e-07,1.0000584009811364,0.0004075381876749008
1144061000,염리동,531,566,1097,마포구,0.0,0.0,0.0,77.0,4.0,0.0,0.0,0.0,0.0,4.0,0.26705375869854353,0.001762860871356945,0.00047077862175846176,0.0015042976013515366,7.081911514788363e-07,1.0000584009811364,0.00040175178997067405
1123071000,회기동,304,303,607,동대문구,0.0,0.0,0.0,139.0,8.0,0.0,0.0,0.0,0.0,8.0,0.48069676565737834,0.003182307287254745,0.0015297248203112615,0.0008323688641936033,1.2732953112112485e-06,1.0000584009811364,0.0004001403880783578
1150060300,가양제1동,953,844,1797,강서구,0.0,0.0,0.0,45.0,2.0,0.0,0.0,0.0,0.0,2.0,0.1602322552191261,0.0010302433663774355,0.00016507821801920087,0.0024641957972914414,4.0678505106727506e-07,1.0000584009811364,0.0003948667091580499
1111065000,혜화동,465,576,1041,종로구,0.0,0.0,0.0,73.0,4.0,0.0,0.0,0.0,0.0,4.0,0.26705375869854353,0.0016712836832345063,0.0004463225894593209,0.0014275057456763444,6.371280608783248e-07,1.0000584009811364,0.00038124303861392133
1165055000,반포본동,412,833,1245,서초구,0.0,0.0,0.0,46.0,3.0,0.0,0.0,0.0,0.0,3.0,0.2136430069588348,0.001053137663408045,0.00022499549715209602,0.0017072475056359737,3.8412300129224173e-07,1.0000584009811364,0.00036476279198795935
1111055000,부암동,373,442,815,종로구,0.0,0.0,0.0,111.0,5.0,0.0,0.0,0.0,0.0,5.0,0.3204645104382522,0.002541266970397674,0.0008143858755613909,0.0011175957567014607,9.101541988450143e-07,1.0000584009811364,0.0003581706933375745
1165062000,방배3동,764,853,1617,서초구,0.0,0.0,0.0,40.0,2.0,0.0,0.0,0.0,0.0,2.0,0.1602322552191261,0.000915771881224387,0.0001467361937948452,0.00221736483262118,3.25367675793376e-07,1.0000584009811364,0.0003553141172557411
1162058500,낙성대동,427,380,807,관악구,0.0,0.0,0.0,94.0,5.0,0.0,0.0,0.0,0.0,5.0,0.3204645104382522,0.0021520639208773094,0.0006896601108357725,0.0011066254916050047,7.631954591939987e-07,1.0000584009811364,0.00035465490739070265
1168074000,일원2동,703,875,1578,강남구,0.0,0.0,0.0,42.0,2.0,0.0,0.0,0.0,0.0,2.0,0.1602322552191261,0.0009615604752856063,0.00015407300348458747,0.002163884790275957,3.3339622883243336e-07,1.0000584009811364,0.00034674438901024086
1117069000,서빙고동,511,669,1180,용산구,0.0,0.0,0.0,65.0,3.0,0.0,0.0,0.0,0.0,3.0,0.2136430069588348,0.001488129306989629,0.0003179284198888313,0.0016181141017272682,5.144444595619861e-07,1.0000584009811364,0.00034571895144240323
1126057000,면목제7동,598,571,1169,중랑구,0.0,0.0,0.0,72.0,3.0,0.0,0.0,0.0,0.0,3.0,0.2136430069588348,0.0016483893862038967,0.00035216686510762855,0.001603029987219641,5.645340452726629e-07,1.0000584009811364,0.00034249614765777064
1150052000,등촌제1동,597,547,1144,강서구,0.0,0.0,0.0,76.0,3.0,0.0,0.0,0.0,0.0,3.0,0.2136430069588348,0.0017399665743263353,0.00037173169094694125,0.001568747908793216,5.831533128051801e-07,1.0000584009811364,0.0003351715936017875
1117057000,원효로제2동,538,571,1109,용산구,0.0,0.0,0.0,62.0,3.0,0.0,0.0,0.0,0.0,3.0,0.2136430069588348,0.0014194464158978,0.0003032548005093468,0.0015207529989962208,4.611756473345898e-07,1.0000584009811364,0.0003249172179234112
1156053500,영등포동,500,387,887,영등포구,0.0,0.0,0.0,86.0,4.0,0.0,0.0,0.0,0.0,4.0,0.26705375869854353,0.001968909544632432,0.0005258046944315287,0.0012163281425695651,6.395510473322591e-07,1.0000584009811364,0.0003248439723828513
1168052100,논현1동,354,384,738,강남구,0.0,0.0,0.0,81.0,5.0,0.0,0.0,0.0,0.0,5.0,0.3204645104382522,0.0018544380594793836,0.0005942815848691231,0.001012006955148071,6.014170972039712e-07,1.0000584009811364,0.00032433125359893246
1168064000,역삼1동,529,576,1105,강남구,0.0,0.0,0.0,62.0,3.0,0.0,0.0,0.0,0.0,3.0,0.2136430069588348,0.0014194464158978,0.0003032548005093468,0.0015152678664479926,4.595122545579095e-07,1.0000584009811364,0.00032374528927445385
1114064500,청구동,428,398,826,중구,0.0,0.0,0.0,112.0,4.0,0.0,0.0,0.0,0.0,4.0,0.26705375869854353,0.0025641612674282836,0.0006847689043759445,0.0011326798712090877,7.756239544165328e-07,1.0000584009811364,0.00030250408251210277
1162065500,신원동,361,384,745,관악구,0.0,0.0,0.0,100.0,4.0,0.0,0.0,0.0,0.0,4.0,0.26705375869854353,0.0022894297030609675,0.0006114008074785218,0.0010216059371074703,6.246106948723593e-07,1.0000584009811364,0.0002728396385853712
1129061000,보문동,486,417,903,성북구,0.0,0.0,0.0,64.0,3.0,0.0,0.0,0.0,0.0,3.0,0.2136430069588348,0.0014652350099590191,0.0003130372134290031,0.0012382686727624773,3.87624174797996e-07,1.0000584009811364,0.0002645628925021103
1121571000,화양동,240,246,486,광진구,0.0,0.0,0.0,128.0,6.0,0.0,0.0,0.0,0.0,6.0,0.3738752621779609,0.0029304700199180383,0.0010956302470015108,0.0006664436046097054,7.301757711311087e-07,1.0000584009811364,0.00024918132898454567
1168058000,삼성1동,501,619,1120,강남구,0.0,0.0,0.0,38.0,2.0,0.0,0.0,0.0,0.0,2.0,0.1602322552191261,0.0008699832871631677,0.00013939938410510296,0.0015358371135038478,2.1409474770819548e-07,1.0000584009811364,0.00024610501628103277
1147061000,신월6동,567,509,1076,양천구,0.0,0.0,0.0,35.0,2.0,0.0,0.0,0.0,0.0,2.0,0.1602322552191261,0.0008013003960713386,0.00012839416957048956,0.0014755006554733395,1.8944568136021243e-07,1.0000584009811364,0.00023643660492713507
1147067000,신정6동,1398,1825,3223,양천구,0.0,0.0,0.0,0.0,0.0,0.0,0.0,0.0,0.0,0.0,0.0534107517397087,0.0,0.0,0.004419645550734734,0.0,1.0000584009811364,0.00023607037722433595
1156067000,신길제5동,407,340,747,영등포구,0.0,0.0,0.0,69.0,3.0,0.0,0.0,0.0,0.0,3.0,0.2136430069588348,0.0015797064951120676,0.000337493245728144,0.0010243485033815843,3.4571070116301757e-07,1.0000584009811364,0.00021885767519277561
1111053000,사직동,361,343,704,종로구,0.0,0.0,0.0,65.0,3.0,0.0,0.0,0.0,0.0,3.0,0.2136430069588348,0.001488129306989629,0.0003179284198888313,0.000965383328488133,3.069227962132527e-07,1.0000584009811364,0.00020625944221648465
1141058500,신촌동,317,371,688,서대문구,0.0,0.0,0.0,54.0,3.0,0.0,0.0,0.0,0.0,3.0,0.2136430069588348,0.0012362920396529224,0.0002641251488307214,0.0009434427982952208,2.4918696951299744e-07,1.0000584009811364,0.00020157172762065543
1171072000,잠실7동,362,483,845,송파구,0.0,0.0,0.0,45.0,2.0,0.0,0.0,0.0,0.0,2.0,0.1602322552191261,0.0010302433663774355,0.00016507821801920087,0.0011587342508131708,1.9128178528205199e-07,1.0000584009811364,0.00018567744531917206
1150060400,가양제2동,260,188,448,강서구,0.0,0.0,0.0,87.0,4.0,0.0,0.0,0.0,0.0,4.0,0.26705375869854353,0.0019918038416630417,0.0005319187025063139,0.0006143348454015392,3.2677619387040367e-07,1.0000584009811364,0.00016407001085402186
1141072000,북가좌제2동,1024,1069,2093,서대문구,0.0,0.0,0.0,0.0,0.0,0.0,0.0,0.0,0.0,0.0,0.0534107517397087,0.0,0.0,0.0028700956058603155,0.0,1.0000584009811364,0.00015330291639172668
1165058100,반포4동,994,1069,2063,서초구,0.0,0.0,0.0,0.0,0.0,0.0,0.0,0.0,0.0,0.0,0.0534107517397087,0.0,0.0,0.0028289571117486056,0.0,1.0000584009811364,0.00015110555017493175
1117066000,이태원제2동,226,226,452,용산구,0.0,0.0,0.0,57.0,3.0,0.0,0.0,0.0,0.0,3.0,0.2136430069588348,0.0013049749307447514,0.0002787987682102059,0.0006198199779497671,1.7280504636447208e-07,1.0000584009811364,0.00013242793733217478
1138065000,수색동,224,220,444,은평구,0.0,0.0,0.0,37.0,3.0,0.0,0.0,0.0,0.0,3.0,0.2136430069588348,0.0008470889901325579,0.00018097463901364243,0.0006088497128533111,1.1018635699718783e-07,1.0000584009811364,0.00013008408003426018
1120069000,성수2가제3동,288,244,532,성동구,0.0,0.0,0.0,45.0,2.0,0.0,0.0,0.0,0.0,2.0,0.1602322552191261,0.0010302433663774355,0.00016507821801920087,0.0007295226289143278,1.2042829558585998e-07,1.0000584009811364,0.00011689988273349059
1150060500,가양제3동,264,249,513,강서구,0.0,0.0,0.0,31.0,2.0,0.0,0.0,0.0,0.0,2.0,0.1602322552191261,0.0007097232079489,0.00011372055019100504,0.0007034682493102446,7.999879635346411e-08,1.0000584009811364,0.0001127248869215802
1150056000,화곡제3동,743,734,1477,강서구,0.0,0.0,0.0,0.0,0.0,0.0,0.0,0.0,0.0,0.0,0.0534107517397087,0.0,0.0,0.0020253851934331994,0.0,1.0000584009811364,0.00010818366340687067
1168075000,수서동,245,242,487,강남구,0.0,0.0,0.0,36.0,2.0,0.0,0.0,0.0,0.0,2.0,0.1602322552191261,0.0008241946931019483,0.0001320625744153607,0.0006678148877467624,8.819335330874255e-08,1.0000584009811364,0.00010701173475791336
1111056000,평창동,701,712,1413,종로구,0.0,0.0,0.0,0.0,0.0,0.0,0.0,0.0,0.0,0.0,0.0534107517397087,0.0,0.0,0.001937623072661551,0.0,1.0000584009811364,0.00010349594881104148
1117052000,용산2가동,213,247,460,용산구,0.0,0.0,0.0,36.0,2.0,0.0,0.0,0.0,0.0,2.0,0.1602322552191261,0.0008241946931019483,0.0001320625744153607,0.0006307902430462232,8.330378341277531e-08,1.0000584009811364,0.00010107884597256705
1129072500,월곡제2동,675,702,1377,성북구,0.0,0.0,0.0,0.0,0.0,0.0,0.0,0.0,0.0,0.0,0.0534107517397087,0.0,0.0,0.0018882568797274986,0.0,1.0000584009811364,0.00010085910935088755
1162054500,청림동,680,562,1242,관악구,0.0,0.0,0.0,0.0,0.0,0.0,0.0,0.0,0.0,0.0,0.0534107517397087,0.0,0.0,0.0017031336562248027,0.0,1.0000584009811364,9.097096137531034e-05
1171056200,방이2동,555,541,1096,송파구,0.0,0.0,0.0,0.0,0.0,0.0,0.0,0.0,0.0,0.0,0.0534107517397087,0.0,0.0,0.0015029263182144796,0.0,1.0000584009811364,8.027711245357498e-05
1130553500,미아동,517,579,1096,강북구,0.0,0.0,0.0,0.0,0.0,0.0,0.0,0.0,0.0,0.0,0.0534107517397087,0.0,0.0,0.0015029263182144796,0.0,1.0000584009811364,8.027711245357498e-05
1117065000,이태원제1동,130,129,259,용산구,0.0,0.0,0.0,70.0,3.0,0.0,0.0,0.0,0.0,3.0,0.2136430069588348,0.0016026007921426772,0.00034238445218797217,0.0003551623324977648,1.2160206065004962e-07,1.0000584009811364,7.588238001998511e-05
1111060000,가회동,137,163,300,종로구,0.0,0.0,0.0,34.0,2.0,0.0,0.0,0.0,0.0,2.0,0.1602322552191261,0.000778406099040729,0.00012472576472561842,0.0004113849411171021,5.1310301377434064e-08,1.0000584009811364,6.592098650384807e-05
1114052000,소공동,118,57,175,중구,0.0,0.0,0.0,82.0,4.0,0.0,0.0,0.0,0.0,4.0,0.26705375869854353,0.0018773323565099934,0.0005013486621323879,0.00023997454898497622,1.20310919079441e-07,1.0000584009811364,6.408984798985229e-05
1114058000,장충동,99,119,218,중구,0.0,0.0,0.0,57.0,3.0,0.0,0.0,0.0,0.0,3.0,0.2136430069588348,0.0013049749307447514,0.0002787987682102059,0.00029893972387842754,8.334402678640468e-08,1.0000584009811364,6.38701113681728e-05
1114066500,동화동,412,399,811,중구,0.0,0.0,0.0,0.0,0.0,0.0,0.0,0.0,0.0,0.0,0.0534107517397087,0.0,0.0,0.0011121106241532327,0.0,1.0000584009811364,5.94021333940231e-05
1111061500,종로1.2.3.4가동,100,99,199,종로구,0.0,0.0,0.0,50.0,3.0,0.0,0.0,0.0,0.0,3.0,0.2136430069588348,0.0011447148515304837,0.0002445603229914087,0.0002728853442743444,6.673692793535543e-08,1.0000584009811364,5.830345028562563e-05
1162064500,서원동,352,354,706,관악구,0.0,0.0,0.0,0.0,0.0,0.0,0.0,0.0,0.0,0.0,0.0534107517397087,0.0,0.0,0.000968125894762247,0.0,1.0000584009811364,5.171135163524082e-05
1121574000,중곡제1동,371,312,683,광진구,0.0,0.0,0.0,0.0,0.0,0.0,0.0,0.0,0.0,0.0,0.0534107517397087,0.0,0.0,0.0009365863826099358,0.0,1.0000584009811364,5.002670420236471e-05
1144071000,연남동,324,348,672,마포구,0.0,0.0,0.0,0.0,0.0,0.0,0.0,0.0,0.0,0.0,0.0534107517397087,0.0,0.0,0.0009215022681023087,0.0,1.0000584009811364,4.9221003256206565e-05
1114055000,명동,60,64,124,중구,0.0,0.0,0.0,63.0,4.0,0.0,0.0,0.0,0.0,4.0,0.26705375869854353,0.0014423407129284095,0.0003851825087114687,0.00017003910899506886,6.549609058178348e-08,1.0000584009811364,4.5412235147095336e-05
1168066000,개포1동,271,284,555,강남구,0.0,0.0,0.0,0.0,0.0,0.0,0.0,0.0,0.0,0.0,0.0534107517397087,0.0,0.0,0.0007610621410666389,0.0,1.0000584009811364,4.065127501070631e-05
1114067000,황학동,321,222,543,중구,0.0,0.0,0.0,0.0,0.0,0.0,0.0,0.0,0.0,0.0,0.0534107517397087,0.0,0.0,0.0007446067434219548,0.0,1.0000584009811364,3.977232852398834e-05
1121578000,능동,281,233,514,광진구,0.0,0.0,0.0,0.0,0.0,0.0,0.0,0.0,0.0,0.0,0.0534107517397087,0.0,0.0,0.0007048395324473016,0.0,1.0000584009811364,3.764820784775323e-05
1162069500,신림동,173,180,353,관악구,0.0,0.0,0.0,0.0,0.0,0.0,0.0,0.0,0.0,0.0,0.0534107517397087,0.0,0.0,0.0004840629473811235,0.0,1.0000584009811364,2.585567581762041e-05
1111071000,숭인제2동,152,145,297,종로구,0.0,0.0,0.0,0.0,0.0,0.0,0.0,0.0,0.0,0.0,0.0534107517397087,0.0,0.0,0.00040727109170593105,0.0,1.0000584009811364,2.1753925546269864e-05
1114054000,회현동,123,101,224,중구,0.0,0.0,0.0,0.0,0.0,0.0,0.0,0.0,0.0,0.0,0.0534107517397087,0.0,0.0,0.0003071674227007696,0.0,1.0000584009811364,1.640700108540219e-05
1114057000,필동,112,68,180,중구,0.0,0.0,0.0,0.0,0.0,0.0,0.0,0.0,0.0,0.0,0.0534107517397087,0.0,0.0,0.0002468309646702613,0.0,1.0000584009811364,1.3184197300769616e-05
1114059000,광희동,75,95,170,중구,0.0,0.0,0.0,0.0,0.0,0.0,0.0,0.0,0.0,0.0,0.0534107517397087,0.0,0.0,0.00023311813329969118,0.0,1.0000584009811364,1.2451741895171302e-05
1111054000,삼청동,59,106,165,종로구,0.0,0.0,0.0,0.0,0.0,0.0,0.0,0.0,0.0,0.0,0.0534107517397087,0.0,0.0,0.00022626171761440617,0.0,1.0000584009811364,1.2085514192372148e-05
1114060500,을지로동,27,17,44,중구,0.0,0.0,0.0,0.0,0.0,0.0,0.0,0.0,0.0,0.0,0.0534107517397087,0.0,0.0,6.033645803050831e-05,0.0,1.0000584009811364,3.2228037846325727e-06
1174069000,둔촌제1동,6,5,11,강동구,0.0,0.0,0.0,0.0,0.0,0.0,0.0,0.0,0.0,0.0,0.0534107517397087,0.0,0.0,1.5084114507627077e-05,0.0,1.0000584009811364,8.057009461581432e-07
